id,bid,user_id,用户昵称,微博正文,头条文章url,发布位置,艾特用户,话题,转发数,评论数,点赞数,发布时间,发布工具,微博图片url,微博视频url,retweet_id
4549436623815667,JkK4ug0D1,3712014514,西部号外,回馈家乡献爱心重教助贫暖人心作者：孙勇强近日，宝鸡市众兴汽车服务有限责任公司、宝鸡市宏远商贸有限责任公司、宝鸡市杭泰商贸有限公司、宝鸡市盛轩家具有限公司负责人及7名社会爱心人士在陈仓区拓石镇拓石一中进行了爱心捐赠。“非常感谢叔叔、阿姨们对我们的关心关怀，不但为我们送来了生活用品，还发放了补助金，我们会以他们为榜样，好好学习，用优异的成绩来回报他们，不辜负他们的期望。”拓石镇第一九年制学校八年级学生张兰（化名）开心的说道。据了解，此次宝鸡市爱心企业及爱心人士向拓石一中捐赠床单被罩300多件，价值3万余元；为25名建档立卡贫困家庭学生每人发放助学慰问金200元，共计5000元。“孩子是祖国的未来，教育是阻断贫困代际传递的根本之策，作为从山里走出来的我，深知教育是改变贫困家庭命运的最有效的方式。这些年来经过我和团队的努力打拼，事业小有成就，前段时间回到家乡，当我看到家乡受灾，各级政府为家乡父老乡亲脱贫增收致富而不懈努力时，我觉得，我应该为生我养我的家乡做点力所能及的事情，我们几个在群里一说，大家纷纷响应，结合各自优势，有钱的出钱，有物的出物，促成了这次助教资助活动……致富思源，为政府分忧，为民解困是企业义不容辞的责任，希望通过这次捐赠，能够为家乡的发展、为孩子们的成长尽一份责、出一份绵薄之力。”宝鸡市众兴汽车服务有限责任公司负责人王喜林说道。据悉，今年以来，一批批爱心企业、爱心人士，积极响应党和国家号召，主动践行使命担当，履行社会责任，以扶贫助困为己任，携手抗击疫情，大力开展扶贫助困公益帮扶活动，帮助贫困群众销售农特产品，助力教育事业发展，关心关爱贫困儿童，为村容村貌提升和贫困群众生产生活条件改善、持续增收添砖加瓦，据统计，上半年累计近20个社会党组织及爱心企业在拓石镇8贫困村村3所中小学校进行了捐助帮扶，捐资捐物累计价值近20万元，为全面打赢脱贫攻坚收官战、助力乡村振兴集聚了强大合力。,,,,,0,0,0,2020-09-15 15:07,微博 weibo.com,['http://ww2.sinaimg.cn/large/dd40d8b2ly1gircoujhgnj20iw0e6e5r.jpg'],,
4531317373409583,Jd8HTeiZh,2370504027,鄂托克前旗发布,自治区首批！我旗两家入选为进一步推动民族传统奶制品产业发展，自治区市场监管局启动民族传统奶制品产业发展首批试点示范工作。日前，自治区民族传统奶制品产业发展首批160个试点示范名单公布，其中，呼和浩特市3个，包头市6个，呼伦贝尔市26个，兴安盟10个，通辽市16个，赤峰市21个，锡林郭勒盟28个，乌兰察布市17个，鄂尔多斯市12个，巴彦淖尔市13个，阿拉善盟6个，满洲里市1个，二连浩特市1个。（图片来源：人民网内蒙古频道。齐浩男摄）鄂尔多斯市12个入选试点名单▼康巴什康和人家优品超市伊金霍洛旗地产食品加工园区伊金霍洛旗益尚客生活超市苏泊罕大草原旅游景区游牧部落奶食品民俗体验区内蒙古道尔养殖专业合作社内蒙古牧名食品有限责任公司乌审旗南丁苏奶食品加工厂乌审旗额勒佰格种养殖有限责任公司乌审旗稀日素乳业有限公司鄂尔多斯市伊德泰生态农牧业有限公司鄂托克前旗鄂德泰食品科技有限公司鄂托克前旗蒙德民族食品加工厂据悉，试点示范时间为期一年，从2020年5月至2021年4月。试点示范工作按照自愿申请，盟市、旗县（市、区）两级市场监管局遴选、两级政府复核的申报程序进行评选，旨在发挥典型引领作用，积累可推广可复制的经验，有效推动民族传统奶制品产业健康发展。民族传统奶制品产业发展首批试点示范名单▼（全部名单）呼和浩特市（3个）呼和浩特市土默特左旗沙尔沁镇萨日朗乳制品厂内蒙古维多利摩尔超市有限责任公司内蒙古维乐惠超市有限公司环河街分店包头市（6个）包头市达茂旗食品检验检测中心达茂旗民族传统奶制品加工园区达茂旗圣达农牧产业发展有限公司达茂旗阿都琴农牧业专业合作社达茂旗百灵庙镇蒙达超市达茂旗毕力格泰民族食品有限责任公司（昭和草原景区）呼伦贝尔市（26个）海拉尔区金鑫美吉纯酸奶加工坊呼伦贝尔泰业商贸有限公司呼伦贝尔市河东胜利市场经营有限责任公司陈巴尔虎旗东乌珠尔苏木民族传统奶制品产业园区陈巴尔虎旗百合利奶食品有限公司陈巴尔虎旗金鼎经贸有限责任公司陈巴尔虎旗金帐汗旅游部落陈巴尔虎旗天下草原级旅游部落新巴尔虎右旗民族传统奶制品检验检测中心新巴尔虎右旗民族传统奶制品产业园区新巴尔虎右旗巴尔虎塔拉畜牧业专业合作社新巴尔虎右旗贝尔苏木巴达图畜产加工部新巴尔虎右旗斯琴高娃传统奶食品作坊新巴尔虎右旗腾格里塔拉畜牧业专业合作社新巴尔虎右旗阿拉坦额莫勒镇友谊超市新巴尔虎右旗克尔伦苏木米吉格道尔吉生态家庭牧场新巴尔虎左旗昂格乐玛奶业有限公司新巴尔虎左旗嵯岗牧场德吉奶制品加工厂新巴尔虎左旗爱润呼日德奶食品加工店新巴尔虎左旗蒙羖源传统奶食品加工部新巴尔虎左旗星辰生活超市新巴尔虎左旗嵯岗牧场巴尔虎蒙古部落鄂温克旗巴彦托海镇厄鲁特牧人传统奶制品加工部鄂温克旗塔本苏布德畜牧业牧民专业合作社鄂温克旗浩硕牧民专业合作社鄂温克旗家乐购超市兴安盟（10个）内蒙古巴图查干奶制品有限公司乌兰浩特欧亚富立置业有限公司科右前旗爱日克奶食品专业合作社科右前旗百盛食品百货超市科右前旗乌兰毛都苏木爱日克奶食品专业合作社科右中旗巴图查干种养殖业专业合作社科右中旗希牧肽奶制品加工有限责任公司科右中旗乌力吉图奶制品坊科右中旗毛仁塔拉种养殖业专业合作社科右中旗家福乐生活超市通辽市（16个）通辽市宏通乳制品有限公司通辽欧亚购物中心科左后旗巴嘎塔拉苏木乌丹奶食品加工厂科左后旗甘旗卡蒙泰元奶制品加工厂科左后旗甘旗卡利蒙民族食品加工部内蒙古玛拉沁食品有限公司通辽市嘎达苏种蓄场民族传统奶制品加工园区扎鲁特旗乳康食品有限公司扎鲁特旗鲁北镇乳香奶制品厂扎鲁特旗丰源商贸有限公司扎鲁特旗鲁北镇益利超市扎鲁特旗老乡山庄文化传媒有限公司扎鲁特旗鲁北镇乌兰奶制品店科左中旗小明奶制品制作店科左中旗哈日伊奶制品作坊科左中旗灵儿生活购物中心赤峰市（21个）阿鲁科尔沁旗朝克图罕山传统食品有限公司阿鲁科尔沁旗纯净奶食有限公司阿鲁科尔沁旗浑都冷高乐家庭牧场阿鲁科尔沁旗塔马哈农牧业专业合作社阿鲁科尔沁旗阿拉坦其其格家庭牧场阿鲁科尔沁旗乌日罕奶食品加工有限公司阿鲁科尔沁旗梅林家庭牧场阿鲁科尔沁旗特格西巴亚尔家庭牧场阿鲁科尔沁旗天山镇润万家超市蒙古汗廷文化园区非物质文化遗产社区展示中心克什克腾旗巴彦查干苏木巴音浩日特产店克什克腾旗故乡宝食品有限公司克什克腾旗经棚镇新农联合作超市克什克腾旗乌兰布统蒙元传统文化园产品展示中心翁牛特旗阿吉太食品加工厂巴林左旗孟和奶食品有限公司巴林左旗林东西城中泽超市喀喇沁旗蒙涵奶食坊喀喇沁旗炳森食品加工厂巴林右旗牧腾养殖专业合作社巴林右旗塞外奶食加工坊锡林郭勒盟（28个）内蒙古马苏乳业有限公司锡林浩特市塔奔贺希格食品加工厂内蒙古德克隆商贸（连锁）有限公司锡林浩特市蒙古丽宫酒店锡林郭勒盟镶黄旗检验检测实验室镶黄旗扶贫产业（奶制品加工）园区镶黄旗安格尔奶食店镶黄旗草原原味奶食店镶黄旗民族传统奶制品展示厅锡林郭勒盟阿巴嘎旗检验检测实验室阿巴嘎·传统奶食产业园阿巴嘎旗照富经贸有限责任公司（酸马奶）阿巴嘎旗小毕牧区奶食店阿巴嘎旗天润发超市有限公司阿巴嘎旗黑马文化内蒙古西贝汇通牧业科技发展有限公司正蓝旗土拉嘎奶食品加工厂正蓝旗爱伦苏奶食店正蓝旗查干敖包奶食加工店正蓝旗上都镇原野奶食店内蒙古苏太食品有限责任公司正蓝旗福万家超市正蓝旗上都镇金都草原旅游度假村东乌珠穆沁旗机勒乳业东乌珠穆沁旗阿日合力食品加工坊东乌珠穆沁旗宏利超市苏尼特左旗德歌吉奶制品加工厂正镶白旗乳香飘奶制品有限公司乌兰察布市（17个）内蒙古苏荷乳业发展有限公司集宁海天大卖场集宁奥威便利超市察右前旗美食汇加工园区察右前旗双喜养殖专业合作社察右后旗蒙根高勒养殖牧民合作社察右后旗乌兰哈达天鹅湖传统奶食加工察右后旗旺牧养殖种植农民专业合作社察右中旗乳泉奶食加工开发有限公司察右中旗百川宏润宝超市内蒙古辉腾锡勒旅游文化股份有限公司四子王旗金蒙谊养殖有限责任公司四子王旗巴特尔吉祥奶食店四子王旗草原情奶食店四子王旗兴达超市旗舰店四子王旗格根塔拉旅游景区凉城县鼎川旅游发展有限公司鄂尔多斯市（12个）康巴什康和人家优品超市伊金霍洛旗地产食品加工园区伊金霍洛旗益尚客生活超市苏泊罕大草原旅游景区游牧部落奶食品民俗体验区内蒙古道尔养殖专业合作社内蒙古牧名食品有限责任公司乌审旗南丁苏奶食品加工厂乌审旗额勒佰格种养殖有限责任公司乌审旗稀日素乳业有限公司鄂尔多斯市伊德泰生态农牧业有限公司鄂托克前旗鄂德泰食品科技有限公司鄂托克前旗蒙德民族食品加工厂巴彦淖尔市（13个）巴彦淖尔市杭锦后旗食品检验检测中心内蒙古英格苏生物科技有限公司巴彦淖尔市伟乐斯奶食品有限公司乌拉特后旗食品加工园区乌拉特后旗巴音镇鑫华联超市乌拉特中旗豪聚奶牛养殖场乌拉特中旗都思乐合作社乌拉特中旗苏萨楚丽合作社乌拉特礼物旗舰店乌拉特前旗乌拉山奥奶醇香奶制品厂五原县妙妙奶食品加工河套电子商务产业园区五原县摩尔城华联生活超市阿拉善盟（6个）阿左旗博隆食品加工园区阿左旗金骆驼农牧民专业合作社阿拉善盟康源奶业有限公司阿拉善盟爱心雅商贸有限责任公司阿拉善盟非物质文化遗产展演基地内蒙古沙漠之神生物科技有限公司满洲里市（1个）满洲里市大商友谊超市二连浩特市（1个）海燕奶制品批发部,,,,,0,0,1,2020-07-27 15:08,微博 weibo.com,['http://ww3.sinaimg.cn/large/8d4b055bly1gh5jpwpj60j20fc0a70tp.jpg'],,
4530924248641015,JcYtOAfVd,7441803286,确山微头条,#确山资讯#确山县三里河一社区用小蚂蚱“蹦”出一条致富路近日，确山县三里河街道老臧庄社区又一蚂蚱养殖产业大棚落户到贫困户臧小卡家中，由山东大学潍坊校友会、山东泰北环保设备股份有限公司合力搭建的产业大棚正式投入使用，让这个脱贫的残疾人家庭在稳固脱贫的路上又迈出坚实的一步。据悉，蚂蚱特色养殖项目不仅投资少、风险小，而且收益高。2019年，该社区赵庄村组贫困户孙红军成为第一家受助蚂蚱养殖示范户，经过一年的精心养殖，今年的第二批蚂蚱喜获丰收，一次收入达千元，一个30平米的蚂蚱养殖大棚年增收可达四千多元，成为该社区继蜗牛扶贫产业之后的又一带动贫困户脱贫致富的好项目。#驻马店头条##驻马店身边事#,,,,"确山资讯,驻马店头条,驻马店身边事",0,0,1,2020-07-26 13:06,iPhone客户端,,,
4530668379838706,JcRP7FhuO,3280910773,HNTV驻马店站,#驻马店身边事#【小蚂蚱“蹦”出一条致富路】近日，确山县三里河街道老臧庄社区又一蚂蚱养殖产业大棚落户到贫困户臧小卡家中，由山东大学潍坊校友会、山东泰北环保设备股份有限公司合力搭建的产业大棚正式投入使用，让这个脱贫的残疾人家庭在稳固脱贫的路上又迈出坚实的一步。据悉，蚂蚱特色养殖项目不仅投资少、风险小，而且收益高。2019年，该社区赵庄村组贫困户孙红军成为第一家受助蚂蚱养殖示范户，经过一年的精心养殖，今年的第二批蚂蚱喜获丰收，一次收入达千元，一个30平米的蚂蚱养殖大棚年增收可达四千多元，成为该社区继蜗牛扶贫产业之后的又一带动贫困户脱贫致富的好项目。,,,,驻马店身边事,0,0,0,2020-07-25 20:09,,"['http://ww1.sinaimg.cn/large/c38eb9b5ly1gh3h6i59yvj20qy0ijq5o.jpg', 'http://ww2.sinaimg.cn/large/c38eb9b5ly1gh3h6kads9j20qy0i9dk4.jpg', 'http://ww3.sinaimg.cn/large/c38eb9b5ly1gh3h6pdup4j20qw0io42h.jpg', 'http://ww3.sinaimg.cn/large/c38eb9b5ly1gh3h6qytovj20qy0dogn8.jpg']",,
4516859951581633,J74Bt6Dsd,6728257319,南门女子,读Ta吧【泰和县民营企业爱心助力新疆阿克陶县脱贫攻坚】6月17日下午，#这里是江西#泰和县工商联、县扶贫办举行民营企业助力新疆阿克陶县脱贫攻坚捐赠仪式，泰和国兴市场管理有限公司、江西南方物流有限公司、江西合力泰科技股份有限公司、吉安傲农生物科技有限公司、江西邦力达电子科技有限公司等5家民营企业为新疆阿克陶县爱心捐款27万元，助力阿克陶人民打赢脱贫攻坚战#泰和颜色#。,,,,"这里是江西,泰和颜色",2,2,3,2020-06-17 17:39,读Ta吧超话,"['http://ww1.sinaimg.cn/large/007ll55lgy1gfvfb5dwr0j30u00miwjj.jpg', 'http://ww2.sinaimg.cn/large/007ll55lgy1gfvfb5zu8cj30u00mi0xb.jpg', 'http://ww3.sinaimg.cn/large/007ll55lgy1gfvfb6ggnej30u00mi42s.jpg', 'http://ww3.sinaimg.cn/large/007ll55lgy1gfvfb6yawbj30u00miq73.jpg', 'http://ww3.sinaimg.cn/large/007ll55lgy1gfvfb7gahcj30u00midkf.jpg', 'http://ww2.sinaimg.cn/large/007ll55lgy1gfvfb80j1jj30u00midk7.jpg']",,
4481599632078784,IyeMj8IMM,3318140764,安阳日报,【内黄县：“保姆式”服务推动企业复工复产】3月5日，位于内黄县产业集聚区的安阳贝利泰陶瓷有限公司二期智能工厂举行点火投产仪式。该项目是意大利萨克米公司等国际先进设备制造商合力打造的亚洲工业4.0示范工厂，总建筑面积10万平方米，总投资6.5亿元，建设2条工业4.0版全智能生产线，达产后可实现年产1500万平方米陶瓷板，预计年销售额约8亿元，可安排就业200余人。新冠肺炎疫情发生以来，内黄县主动作为、积极作为、科学作为，牢牢把握疫情防控底线，想企业所想、急企业所急、难企业所难，切实做好检查验收和技术指导，“保姆式”服务推动企业复工复产。早在2月4日，内黄县产业集聚区、县工信局等部门在走访企业中了解到，河南翔宇医疗设备股份有限公司艾灸类产品生产线符合复工条件，主动建议企业提出复工申请。县疫情防控指挥部急事急办、特事特办，专程向市疫情防控指挥部递交了复工申请。市疫情防控指挥部当晚就同意企业复工复产。2月7日，河南翔宇医疗设备股份有限公司艾灸类产品生产线正式复工。生产线采用隔位作业，用工90人，均为本地工人，3500平方米车间用工20人，工人密度降低，确保不交叉感染。为切实加强企业疫情防控，努力将疫情对企业运行的影响降到最低，内黄县四个班子领导先后多次带领县工信局、产业集聚区、卫健委、发改委等部门负责同志深入企业一线，就企业复工复产需要的原材料、销售网络、金融服务、疫情防控措施等问题进行调研，为企业复工复产出谋划策，同时为企业带去84消毒液等防控消杀物品。在广泛征求意见和建议的基础上，该县认真学习省、市文件精神，研究制定出台了《内黄县工业企业新型冠状病毒感染的肺炎疫情防控期间复工复产实施方案》，组织复工企业按照“零输入、零扩散”的标准做好复工复产准备工作，实现疫情防控和复工复产两手抓、两不误。该县各职能部门实行联合办公、联审联批、限时办结，确保各项扶持政策快落地、快生效，共同帮助企业应对疫情，共渡难关。县市场监管局为涉及防疫用品生产和生活物资生产、销售的企业复工复产开通网上审批绿色通道，及时审批发证，助力企业合法生产。内黄县建立完善企业应对疫情帮扶机制，建立精准扶持机制，优化企业服务。该县对所有复工复产工业企业均按要求落实疫情防控各项措施，并且每个企业明确了一名县级干部和局委分包，对复工企业盯死看牢，确保不出问题。内黄县各乡镇一手抓疫情防控，一手抓复工复产，主动融入，帮助辖区企业纾困解难、有序复工复产。3月9日一大早，在位于井店镇的内黄县兴隆农产品有限公司门口，工人戴着口罩、排着队一一测体温、消毒、登记，一整套严格的程序后，进入生产车间开始工作。井店镇班子成员全部下沉到辖区企业和产业扶贫就业点，开展一对一“保姆式”服务，帮助企业制订复工复产方案，协助做好防疫宣讲、卫生消毒、物资保障、后勤服务等工作，为企业提供贴心服务。内黄县加强复工复产企业员工医疗保障，为全县范围内定点医院发热门诊收治的企业复工复产员工开通绿色就诊通道。该县各级医疗机构持续加强发热门诊、预检分诊建设，增加工作人员和救护车组，并成立复产企业医疗救护应急专项工作组。专项工作组采取24小时值班制度，负责接诊、救治复工复产企业报告的可疑病例。内黄县卫健委挑选责任心强、业务精、防控知识熟的疾控专业人员、卫生监督执法人员组成专业小分队，及时为企业提供贴身式服务，对职工进行消毒、个人防护等防疫知识培训；指导企业做好车间、宿舍、食堂、车辆等各环节的防控管理工作；协助企业做好外地返岗人员的隔离管控，为身体不适的员工提供医疗救助；为在职员工提供保健服务等。（记者任贵伟通讯员刘超）,,,,,6,4,7,2020-03-12 10:27,专业版微博,['http://ww4.sinaimg.cn/large/c5c6cf5cly1gcqxpvj1hcj20go0bewku.jpg'],,
4481361056012959,Iy8zvpefd,3318140764,安阳日报,【安阳市集中观摩36个重点项目：交流经验找差距明确方向增干劲】仲春初暖，万物萌动。安阳大地，生机勃发。3月9日至11日，市委书记、市人大常委会主任李公乐，市委副书记、代市长袁家健等市四个班子领导带领各县（市）区、市直有关部门负责同志，对各县（市）区的36个项目进行了集中观摩。这是我市坚决贯彻落实党中央、国务院和省委、省政府决策部署，统筹推进疫情防控和经济社会发展，加快推动重点项目复工开工建设，努力实现全年经济社会发展目标任务的重要举措。这次观摩活动组织严密，内容丰富，观摩团一行重点观摩了各县（市）区在产业转型升级、先进制造业培育、现代服务业壮大、乡村振兴战略实施等方面的项目，集中检验了各县（市）区加大招商引资力度、加快重点项目建设、推动高质量发展的成效。市领导徐家平、陈志伟、易树学、黄明海、董良鸿、李向前、王朴、程利军、刘建发、田海涛、祝振玲、李长治、高勤科、郜军涛参加观摩。在龙安区，观摩团深入中农联农副产品批发大市场项目、“三新”产业园项目、钣喷产业园项目、龙泉镇羊毛屯村乡村振兴项目现场实地观摩。中农联农副产品批发大市场项目占地400多亩，总投资25亿元，一期工程预计今年10月建成完工，二期工程正在谋划启动，计划明年建成运行。走进项目工地和规划展示中心，李公乐详细了解疫情防控、建设进度、工人返岗等情况。他指出，要在做好疫情防控基础上，紧盯项目建设工期目标不放松，进一步加大科学施工和统筹调度力度，在保证工程质量的前提下努力把耽误的工期赶回来，确保项目如期建成。林州市近年加大招商引资力度，积极引进了一批投资额度大、科技含量高、带动能力强的重点项目。诚雨高性能覆铜板项目采用世界领先的生产设备和工艺技术，研发生产耐高温、讯号传输快的高端覆铜板和粘结片，产品远销巴西、意大利、韩国等国家；凤宝热扩车桥项目采用无缝钢管，向商用车、挂车等高端主机厂配套驱动桥和挂车总成，实现了汽车轻量化、绿色制造目标；模具中心项目发挥市场、技术和资金等优势，致力打造豫北地区最先进的模具加工中心；红旗渠农产品精深加工产业园项目将以二产加三产辐射带动一产，推动三产融合、全链条发展。殷都区围绕精品钢及深加工、机械铸造等主导产业，大力推进设备、工艺、产品转型升级，不断探索工业重镇可持续发展之路。在实地观摩晨盛年产30万吨装配式钢结构建筑产业园二期项目、中鼎全铝家具及铝型材项目、京冶华城钢结构建筑产业基地项目后，李公乐说，精品钢、铝型材市场潜力大、需求量多，希望相关企业强化科技支撑，延伸产业链条，提升产品附加值，逐步增强企业知名度和核心竞争力。伦掌镇焦家坟村在着力改善农村人居环境的同时，用心打造以体验农耕文化为主题的研学游活动基地，取得了村庄美、产业兴的效果，得到观摩团充分肯定。北关区观摩项目包括天茂广场（中国柏庄童装展示中心）项目、中信（安阳）年产8万吨针织面料示范园项目、中复连众风叶片二期项目和柏庄镇后万金村乡村振兴项目。天茂广场（中国柏庄童装展示中心）项目去年7月建成运营，吸引千余家企业入驻，是我市最大的纺织服装一站式采购批发基地。李公乐、袁家健带领观摩团成员深入项目基地，边走边看边问，围绕疫情防控、生产销售、品牌打造等与企业负责人深入交流。中信（安阳）年产8万吨针织面料示范园施工现场塔吊林立，机声轰鸣，一派繁忙景象。李公乐叮嘱项目负责人在做好疫情防控的前提下，加快施工进度，争取早竣工、早投产、早见效。在滑县，观摩团先后深入八里营镇肖冢上村乡村振兴项目、京煤滑州2×350兆瓦热电联产项目、德信（河南）电子二期项目、波司登年产1000万件羽绒服加工基地项目现场观摩。京煤滑州2×350兆瓦热电联产项目是滑县城区集中供热、供气项目，计划今年年底前建成投用。在详细了解项目进展情况后，李公乐叮嘱企业负责同志，在抓好项目高起点规划、高标准建设的同时，一定要严格履行环保责任，确保所有生产环节都实现超低排放。在波司登年产1000万件羽绒服扶贫基地项目现场，李公乐嘱咐企业负责人充分发挥骨干企业带动引领作用，吸纳更多贫困劳动力就地就近就业、稳定增收。内黄县观摩项目包括贝利泰二期绿色智能工厂项目、国际康复设备产业园项目、王野年产50万辆摩托车项目和中召乡碾子头村乡村振兴项目。刚刚点火投产的贝利泰二期绿色智能工厂车间内地面洁净如镜，偌大的生产车间里仅有几个工人在井然有序操作，彻底颠覆了观摩团成员对以往陶瓷车间粉尘多、噪音强、环境乱的印象。李公乐关切询问中美贸易摩擦、疫情防控等对企业的影响，鼓励企业负责同志积极开拓国内市场，加快企业上市步伐。在国际康复设备产业园项目现场，得知企业IPO相关工作正在紧张推进，目前已完成上市辅导、材料申报等步骤，李公乐十分高兴。他强调，上市对加快企业自身发展乃至加快当地经济发展都具有重大意义，要鼓励更多优秀企业到资本市场上市融资，推动安阳经济社会实现高质量发展。走进安阳县（示范区）白璧镇西裴村，宽敞的柏油路面平整干净，整齐漂亮的农家小院错落有致，街道两旁的文化墙上展示着乡风乡韵乡愁，一幅宜居宜游的美丽乡村画卷展现眼前。李公乐要求，要注重规划引领，抓实抓好试点建设，大力推进基础设施、文化设施建设，因地制宜发展产业，让群众在乡村振兴进程中感受到变化、得到实惠。在实地观摩华润新能源安阳永和250MW风电项目、北京以电新能源飞机项目、德力新能源汽车生产基地项目后，李公乐叮嘱相关企业负责同志，要加快推进项目全面开工复工，尽快形成批量生产能力，把疫情造成的损失降到最小。文峰区（高新区）观摩项目包括安阳古城南北城抢救性修复工程一期项目、复兴合力400万吨高延性冷轧带肋钢筋项目、国旅乔尚居家体验馆项目和宝莲寺镇乡村振兴项目。安阳古城南北城抢救性修复工程一期项目分两个阶段进行，分别为县前街段、竹竿巷至姚家胡同段修缮工程。观摩团一行深入修复后的院落实地查看，历经风霜的青砖灰瓦、苍劲古朴的枯藤老树、精巧复工的雕花窗棂，彰显着安阳古城独有的风貌韵味，使置身其中的观摩团成员感受到了跨越时空的历史芬芳。复兴合力400万吨高延性冷轧带肋钢筋项目总投资18.4亿元，计划建设40条生产线，达产后年产400万吨高延性冷轧带肋钢筋。该项目采用自主研发的生产工艺装备和技术，填补了我国生产细直径高强钢筋空白。目前，一号厂房建设完工，4条生产线正在联动调试，其他厂房正在加紧施工。汤阴县观摩项目包括东泰制药双氯芬酸类原料药项目、福建安井食品华北生产基地项目、甘源食品项目和白营镇北陈王村乡村振兴项目。福建安井集团是国家农业产业化重点龙头企业，刚刚投产的安井食品华北生产基地项目一期工程，与汤阴永达、众品等肉制品加工企业形成上下游配套产业，进一步完善了汤阴健康食品产业链条。河南东泰制药有限公司是专业从事医药中间体原料研发企业，其产品双氯芬酸类原料药被世界五大体系认证和国内GMP认证。目前，年产2000吨双氯芬酸类原料药生产线、合成车间生产线基本建设完成，附属设施调配安装工作有序推进。李公乐与项目负责同志亲切交谈，叮嘱相关部门要针对不同行业、企业采取差别化、精细化管控措施，对不同环保绩效的工业企业采取更加精准、更加科学的差异化应急减排措施，最大限度保证企业的生产效益。观摩活动结束前，观摩团成员认真填写了测评表。大家一致认为，这次观摩既是一次交流学习，又是一次集中检阅。通过观摩，增强了坐不住的紧迫感、等不起的责任感、慢不得的危机感，受到了触动，看到了不足，找准了定位，明晰了方向，坚定了信心，增添了干劲，达到了学习交流、解放思想、推动工作的效果。大家表示，要以此次集中观摩为契机，在打好疫情防控阻击战的同时，全力推进项目建设，着力抓好招商引资，为推动安阳高质量发展、实现全年经济社会发展目标任务加压奋进。（记者王慧敏李扬）O网页链接,,,,,1,3,5,2020-03-11 18:39,专业版微博,"['http://ww3.sinaimg.cn/large/c5c6cf5cly1gcq5t442cdj21a40u04qp.jpg', 'http://ww4.sinaimg.cn/large/c5c6cf5cly1gcq6batty5j21900u0npd.jpg', 'http://ww1.sinaimg.cn/large/c5c6cf5cly1gcq6bgyvdjj21900u0n2a.jpg']",,
4442552864837797,IhQZEkiwZ,2311077472,证券日报之声,【湖南证监局多矩阵推动辖区资本市场服务脱贫攻坚】近年来，湖南证监局通过加强扶贫培训、做好金融扶贫政策服务、引导上市公司对接产业扶贫项目、推进证券期货经营机构结对帮扶等举措，构筑起辖区资本市场服务脱贫攻坚的工作合力。据了解，湖南证监局大力推动市场主体根据自身产业特点和优势，在贫困地区开展多元化的产业对接和产业帮扶，不断增强贫困地区经济社会发展活力。例如，隆平高科充分发挥种业龙头优势，将贫困地区变为公司自身的制种基地，实现了7个村在2018年全部脱贫的目标。泰嘉股份为黑麋峰村积极对接企业资源，引入产业活水，获得村民的一致好评。大康农业将肉羊养殖产业和贫困地区结合起来，带动当地百姓就业致富。唐人神通过“农户+合作社+公司”的扶贫模式，为贫困地区提供源源不断的产业驱动力。同时，湖南证监局还鼓励市场主体因地制宜提供金融服务和融资支持，帮助企业解决融资难问题，为贫困地区当好金融参谋。例如，方正证券对安化县湖南金源新材料公司股权投资5000万元，帮助安化县湖南华晟生物能源公司引进生物质发电项目投资4000万元，为安化县湖南梅山资源开发有限责任公司承销发行公司债券7亿元；财富证券帮助古丈县湖南汉瑞新材料科技有限公司进行辅导改制。大有期货开展玉米、棉花、鸡蛋、橡胶、白糖5个“期货+保险”项目，涉及3个贫困县、近2万名农户，实现权利金1820万元，理赔近300万元。详情→O网页链接,,,,,0,1,0,2019-11-25 16:30,微博 weibo.com,['http://ww4.sinaimg.cn/large/89c03e60ly1g9ad0g9l6yj20e608c0t9.jpg'],,
4442415991130074,IhNqT4JZ0,6382802927,日喀则年麦,#早安，日喀则#【我市采取“六项”举措妥善处理桑珠孜区“光伏+生态设施农业”产业扶贫示范园项目欠薪问题】 2019年以来，桑珠孜区“光伏+生态设施农业”产业扶贫示范园项目欠薪问题较为突出，一定程度上影响了我市社会的和谐稳定，为此，日喀则市委、市政府高度重视，联席会议办公室主动落实牵头责任，采取“六项举措”，积极化解欠薪隐患，帮助1076名农民工追回拖欠工资2100万余，有效预防了突发性群体性事件的发生，确保了我市社会的和谐稳定。　　 一是领导高度重视。张延清副主席和刘虎山市长高度重视桑珠孜区“光伏+生态设施农业”产业扶贫示范园项目欠薪问题，多次作出指示批示，多次组织召开专题会议，要求桑珠孜区和相关部门要严格落实属地责任和行业监管责任，加大案件处置力度，帮助农民工拿回血汗钱，要坚决按照市委、市政府的统一部署，不折不扣的完成工作任务。 　　 二是加大督导检查。市人社局主动承担牵头抓总责任，召开局党组专题会议2次、局长办公会1次，就桑珠孜区“光伏+生态设施农业”产业扶贫示范园项目欠薪问题进行了专题研究；并联合相关单位，组成工作专班，5次深入桑珠孜区“光伏+生态设施农业”产业扶贫示范园项目开展欠薪隐患排查，督促加快处理欠薪问题，确保社会和谐稳定。    　　 三是加大协调沟通力度。针对桑珠孜区“光伏+生态设施农业”产业扶贫示范园项目欠薪问题，4次组织桑珠孜区相关工作人员召开座谈，研究解决方案，及时做好农牧民工的思想工作，确保案件不激化。同时建立联络员制度，加强信息沟通，进一步形成工作合力。 　　 四是建立定期汇报制度。下发督办通知3期，建立落实桑珠孜区“光伏+生态设施农业”产业扶贫示范园项目欠薪问题处理情况每周一汇报制度，督促桑珠孜区要进一步提高政治站位，加强部门配合，采取有效举措，坚决按照市委、市政府的统一部署，及时妥善解决欠薪问题。 　　 五是加大惩戒力度。进一步落实欠薪“黑名单”推送制度，将桑珠孜区“光伏+生态设施农业”产业扶贫示范园项目承建企业西藏岚泰农牧科技股份有限责任公司纳入欠薪“黑名单”管理，并依法依规实施联合惩戒。 　　 六是进一步优化劳动维权服务方式。在桑珠孜区“光伏+生态设施农业”产业扶贫示范园项目实地张贴劳动维权投诉举报电话，针对桑珠孜区“光伏+生态设施农业”产业扶贫示范园项目，实行“一站式”立案服务，建立当日立案制度，为农牧民工提供更加便捷服务。,,,,早安，日喀则,0,0,1,2019-11-25 07:26,三星android智能手机,,,
4438083149635054,IfYIqEqw6,6382802927,日喀则年麦,#日喀则身边事#【我市采取“六项”举措妥善处理桑珠孜区“光伏+生态设施农业”产业扶贫示范园项目欠薪问题 】 2019年以来，桑珠孜区“光伏+生态设施农业”产业扶贫示范园项目欠薪问题较为突出，一定程度上影响了我市社会的和谐稳定，为此，日喀则市委、市政府高度重视，联席会议办公室主动落实牵头责任，采取“六项举措”，积极化解欠薪隐患，帮助1076名农民工追回拖欠工资2100万余，有效预防了突发性群体性事件的发生，确保了我市社会的和谐稳定。　　 一是领导高度重视。张延清副主席和刘虎山市长高度重视桑珠孜区“光伏+生态设施农业”产业扶贫示范园项目欠薪问题，多次作出指示批示，多次组织召开专题会议，要求桑珠孜区和相关部门要严格落实属地责任和行业监管责任，加大案件处置力度，帮助农民工拿回血汗钱，要坚决按照市委、市政府的统一部署，不折不扣的完成工作任务。 　　 二是加大督导检查。市人社局主动承担牵头抓总责任，召开局党组专题会议2次、局长办公会1次，就桑珠孜区“光伏+生态设施农业”产业扶贫示范园项目欠薪问题进行了专题研究；并联合相关单位，组成工作专班，5次深入桑珠孜区“光伏+生态设施农业”产业扶贫示范园项目开展欠薪隐患排查，督促加快处理欠薪问题，确保社会和谐稳定。    　　 三是加大协调沟通力度。针对桑珠孜区“光伏+生态设施农业”产业扶贫示范园项目欠薪问题，4次组织桑珠孜区相关工作人员召开座谈，研究解决方案，及时做好农牧民工的思想工作，确保案件不激化。同时建立联络员制度，加强信息沟通，进一步形成工作合力。 　　 四是建立定期汇报制度。下发督办通知3期，建立落实桑珠孜区“光伏+生态设施农业”产业扶贫示范园项目欠薪问题处理情况每周一汇报制度，督促桑珠孜区要进一步提高政治站位，加强部门配合，采取有效举措，坚决按照市委、市政府的统一部署，及时妥善解决欠薪问题。 　　 五是加大惩戒力度。进一步落实欠薪“黑名单”推送制度，将桑珠孜区“光伏+生态设施农业”产业扶贫示范园项目承建企业西藏岚泰农牧科技股份有限责任公司纳入欠薪“黑名单”管理，并依法依规实施联合惩戒。 　　 六是进一步优化劳动维权服务方式。在桑珠孜区“光伏+生态设施农业”产业扶贫示范园项目实地张贴劳动维权投诉举报电话，针对桑珠孜区“光伏+生态设施农业”产业扶贫示范园项目，实行“一站式”立案服务，建立当日立案制度，为农牧民工提供更加便捷服务。,,,,日喀则身边事,0,0,1,2019-11-13 08:29,三星android智能手机,,,
4432331584564759,Idz5Ij9v9,2883169092,陕西农村报,【三原县陵前镇政企合力打好精准扶贫“组合拳”】10月24日，走进三原县陵前镇甘涝村，一排排整齐的红叶石楠如标兵一样映入眼帘，一棵棵海棠枝繁叶茂，一片片错落有致的白皮松迎风挺立，这就是甘涝村龙泽林源生态农业基地，也是该镇脱贫攻坚路上的模范标兵。　　“我们富起来不算啥，要让大家都富起来才是关键，我们要给群众做示范、带领贫困群众共同致富。”陕西龙泽林源生态农业发展有限公司总经理薛雁冰说。　　3年前，甘涝村还是以小麦、玉米等单一粮食作物为主的小乡村，陵前镇党委书记李鹏引进陕西龙泽林源生态农业发展有限公司，在甘涝村沟坡地带建设龙泽林源生态农业基地，项目总投资8.5亿元，规划占地1万亩，主要种植高端景观绿化苗木，花卉区种植法国大叶薰衣草、玫瑰、荷兰郁金香等，精品果树区主要种植大樱桃、车厘子等优良樱桃品种。　　据悉，该项目已带动甘涝村26户贫困户参与土地流转，甘涝村、肖家村、墩台村5个村贫困户60余人在此务工。项目建成后，将吸纳全镇更多的贫困户参与入股分红，以优势产业、优势资源带动陵前镇产业结构升级，打造产业就业扶贫基地，带动贫困群众增收，为振兴旱腰带地区、发展农村经济起到示范带动作用。　　近年来，陵前镇引进龙泽林源、友浪泳池、恒兴泰等大型企业，通过政企合力，政府发挥政治、制度优势，负责项目审批、土地协调、基础配套、数据统计，确保帮扶资源精准对接建档立卡贫困户；企业管理团队，发挥决策执行效率高的特点，负责项目执行管理，确保按计划快速推进，达到双方共赢的效果，政企之间各司其职，形成强大合力，有效推动了镇区发展、壮大了村集体经济、带动了贫困户致富。（贺静记者张恒）,,,,,0,0,0,2019-10-28 11:34,360安全浏览器,,,
4405969557390206,I2vijv0wS,6811119654,泸州市林业,全民治沙，内蒙古的底色由黄渐绿中国林业网前天　　内蒙古是中国荒漠化面积较大、分布较广、危害最严重的省份之一，“沙进人退”是不堪回首的历史。　　几十年全民治沙，代代传承，内蒙古成为全国治沙成效最显著的省份之一。　　全国第五次荒漠化和沙化土地监测结果和第四次监测相比，内蒙古荒漠化土地减少625万亩、沙化土地减少515万亩，减少面积均居全国首位。　　面对恶劣的自然条件和脆弱的生态环境，内蒙古依托国家重大生态工程，坚持科技治沙，转变生产方式，走出了一条由黄渐绿的治沙路。　　治沙是全民的事业　　驱车穿行于赤峰市敖汉旗南北，村庄与大山俱被绿色覆盖，已看不出昔日黄沙漫天的模样。　　曾经的敖汉旗，土地沙化严重，全旗沙漠化土地259万亩，沙区面积占总土地面积的一半。“流沙区的沙丘会打滚，沙坨能长腿。”敖汉旗三义井林场场长陈明川说，“农民房子晚上睡觉时好好的，第二天早上流沙堆满窗台，顺着窗缝就能流到炕上。”　　上世纪80年代中期，敖汉旗委旗政府痛下决心，组织全旗开展治沙大会战行动。5任书记、5任旗长，植树造林从未懈怠。　　敖汉旗有近60万人，其中50万人进了荒山荒漠，他们套上驴车，拉上干粮和行李，一年干三季，入冬才歇工。　　“在北部流沙区，把豆秸铺在沙丘上，下面撒上草籽。第二年蒿草成活，一棵一棵移栽在沙丘上，再在上面种柳树。在南部山区，植树前要开展小流域治理，先挖大坑，坑里再挖一个小坑……”对长期奋斗在治沙一线的陈明川来说，这些都是在失败中摸索出的经验。　　如今的敖汉旗是国家级林业科技示范县、中国人工造林第一县、中国再造秀美山川先进旗、全球环境500佳。　　敖汉只是一个缩影，对于荒漠化土地占全区总面积的51.50%、沙化土地占全区总面积34.48%的内蒙古来说，经济想要发展，首要问题就是治沙。　　2000年以来，国家相继实施了天然林保护、退耕还林、京津风沙源治理、三北防护林体系建设等六大林业生态重点工程，内蒙古成为“六大工程”全部覆盖的唯一省区。　　2018年，内蒙古完成营造林1295万亩，全区森林面积由2013年的3.73亿亩增加到2018年的3.92亿亩，森林覆盖率由21.03%提高到22.1%。　　科技治沙，从粗放走向精细　　在库布其，种一株沙柳需要多久？　　答案是10秒。　　用水管竖着往沙地一冲，一个沙坑就出现了。治沙达人张喜旺赶忙把一棵长约1米的沙柳苗种进去，浇水、夯实，只露出10厘米左右的苗头。用这个方法，10秒钟就可以种一棵树，成活率能达到90%以上，两个人一天能种40亩。　　在长期的实践中，依托科技创新，库布其人还探索创新出苦咸水治理与综合利用、飞播与无人机治沙、生物基可降解聚乳酸沙袋沙障等一系列新技术、新成果。　　站在库布其沙漠中段达拉特旗银肯敖包上极目远眺，沙区新景尽收眼底。金黄色的沙丘绵延起伏，脚下和远方是大片大片的绿色植被，将近20公里宽的沙海一分为二。　　“库布其沙漠呈东西狭长分布，我们在沙漠南北边缘地带建起长200多公里，南北宽3-5公里的乔、灌、草与带、网、片相结合的绿色防风固沙体系。”达拉特旗林业和草原局副局长郭建忠介绍说。　　先易后难，由近及远，锁边切割，分区治理，整体推进，库布其人在长久的实践中探索出一套行之有效的治理原则。　　治沙不停，创新不止。面对不断扩张的沙海，内蒙古各地独创妙招，以飞播造林、穿沙公路、以水治沙等治理模式，从大密度造林到量力而行，从“用力过猛”到“打蛇七寸”，治沙逐渐从粗放式走向精细化。　　不毛之地变绿色银行　　盛夏，进入锡林郭勒盟多伦县去往京津风沙源百万亩樟子松项目基地的路上，是漫山遍野的樟子松，已经看不到成片的沙地。　　张青家的130亩林地就在这里。　　在多伦县林业局，有一家林权服务中心，能让农民的林地实现资源到资产、资产到资本的转变。产权明晰带来的好处是，到规定年限，除按林业规划要求保留的部分外，其余的造林者可以自由处置买卖，凭借林权证还能获得贷款。　　家住大河口乡的张青，130亩林地评估出62万元，又靠林权证贷款30万元，盖了8间房子，还买了沙滩摩托搞旅游，65岁的他日子过得红火。　　在多伦县，像张青这样的农民很多，这里的农民人均纯收入的40%来自林业。　　不毛之地成了绿色银行，这样的事儿在内蒙古并不少见。　　达拉特旗的风水梁，曾是一片沙海，没有人家。东达集团在此建了一座扶贫小镇，为农牧民免费提供住房、獭兔饲舍，订单回收出栏獭兔。农牧民不承担经营风险，还可以将土地租给企业，种植沙柳等沙生植物。　　在这里，盐店村贫困户徐锁小养殖了2000只獭兔，再给企业打点零工，现在年收入可达10万元。他家撂荒的土地也由企业承包，种满了沙柳、沙蒿、杨柴等植物。　　2018年，阿拉善盟阿拉善左旗吉兰泰镇哈图呼都格嘎查牧民郭新军，靠着销售肉苁蓉纯收入达到10多万元，而过去放牧时全家年收入仅2万元左右。　　沙漠治理是一项难度高、投资大、周期长、见效慢的系统工程。可当政府、企业、群众在产业链条的带动下凝聚合力后，沙漠将会产生更大的效益。　　漫漫黄沙，不治，它是害，治了，它就是利；不治，它是沙子，治好了，它就是金子。绿富同兴，内蒙古走出了一条由黄渐绿的“涅槃”之路。,,,,,0,0,0,2019-08-16 17:41,专业版微博,,,
4400405754544668,I0ayrj4h6,5828261865,南京中方信富,#股市大事件，股民早知道##今日猛料#微信公众号关注“股民俱乐部”获取更多精彩内容！猛料丨8月1日（周四）股市猛料必看一、要闻精选新华社：7月30至31日，第十二轮中美经贸高级别磋商在上海举行。双方按照两国元首大阪会晤重要共识要求，就经贸领域共同关心的重大问题进行了坦诚、高效、建设性的深入交流。双方还讨论了中方根据国内需要增加自美农产品采购以及美方将为采购创造良好条件。双方将于9月在美举行下一轮经贸高级别磋商。主席主持中共中央政治局第十六次集体学习时强调，要强化使命担当，强化系统集成，强化创新突破，强化军地合力，进一步统一思想和行动，凝心聚力实施改革强军战略，把新时代强军事业不断推向前进。央行：银行信贷结构调整优化要重点做好以下工作。提高制造业中长期贷款和信用贷款占比。继续做好小微企业金融服务。保持个人住房贷款合理适度增长，严禁消费贷款违规用于购房，加强对银行理财、委托贷款等渠道流入房地产的资金管理。加强对存在高杠杆经营的大型房企的融资行为的监管和风险提示。加大对现代服务业、乡村振兴、金融扶贫等国民经济重点领域和薄弱环节的信贷支持等。上交所副总经理阙波：设立科创板并试点注册制改革工作顺利推进，目前共受理149家企业提交的上市申请，其中39家已召开上市委会议。科创板发行定价情况符合预期，除了首批25家以外，又有3家公司完成发行定价。首批25家科创板企业上市交易平稳有序，市场活跃度高，市场博弈充分。国务院办公厅：印发《治理高值医用耗材改革方案》，要求完善价格形成机制，降低高值医用耗材虚高价格。取消医用耗材加成，取消公立医疗机构医用耗材加成，2019年底前实现全部公立医疗机构医用耗材“零差率”销售，高值医用耗材销售价格按采购价格执行。建立高值医用耗材基本医保准入制度。美联储：宣布降息25个基点，这是2008年金融危机以来美联储的首次降息行动。美联储主席鲍威尔表示，此次降息属于政策中段的调整，降息是出于对美国经济的保护；目前的降息并非必然是宽松周期的开始，不要设想我们不会再次加息。美国总统特朗普表示，市场需要漫长的降息周期，美联储主席鲍威尔的降息幅度“让我们失望”。统计局：7月，制造业PMI49.7，环比提高0.3个百分点，低于去年同期1.5个百分点；非制造业PMI53.7，环比回落0.5个百分点，低于去年同期0.3个百分点。外管局：6月，我国国际收支口径的国际货物和服务贸易收入15691亿元，支出13073亿元，顺差2618亿元。其中，货物贸易顺差3972亿元；服务贸易逆差1354亿元。央行：决定增加支小再贷款额度500亿元，重点支持中小银行扩大对小微、民营企业的信贷投放，发挥精准滴灌作用，引导降低社会融资成本。服务基层、服务实体且符合宏观审慎要求的银行，借用支小再贷款后能够增加小微、民营企业信贷投放的，可向当地人民银行分支行申请支小再贷款。国企改革“双百企业”扩围，本次“双百行动”新增试点单位共有48家，新增多家A股上市公司例如：宝钢包装、中色股份、振华重工、农发种业、上海医药、海立股份、新筑股份等。国家电网、中国中车、宝武集团、五矿集团等改革试点央企则有多家子公司纳入新增的“双百行动”名单。二、事件驱动1、国务院常务会议确定促进文化和旅游消费景点旅游行业迎来新契机公司方面，九华旅游（603199）、宋城演艺（300144）2、海绵城市行业国标施行在即产业将迎提质增效新机遇A股上市公司中，青龙管业（002457）、巴安水务（300262）3、八部委推动四好农村路高质量发展加速基建补短板相关上市公司，中公高科（603860）、设研院（300732）4、谷歌手势操控技术实现应用将带来智能终端革命公司方面，数码科技（300079）、华平股份（300074）、苏州固锝（002079）三、个股点金◆科信技术：拟350万欧元收购Fi-SystemsOy100%股份◆上港集团：上半年净利43.73亿元同比增29%◆晶瑞股份：拟2亿元投建年产5.4万吨微电子材料及循环再利用项目◆合力泰：拟在莆田投资高端TFT显示模组、柔性OLED显示模组等项目◆红太阳：全资孙公司年产1万吨咪鲜胺项目取得环评批复◆克来机电：上半年净利同比增63%◆彩虹股份：子公司与日本企业设合资公司推进显示面板相关技术研发◆金卡智能：与杭州市燃气签署战略合作协议◆朗迪集团：拟收购集成电路企业甬矽电子部分股权◆恒瑞医药：SHR-1316注射液获得临床试验通知书,,,,"股市大事件，股民早知道,今日猛料",0,0,0,2019-08-01 09:12,微博 weibo.com,['http://ww4.sinaimg.cn/large/006mqN9Dgy1g5jwqb0f8oj30p00dwmzo.jpg'],,
4389661004964704,HBCuwkPxS,3500618431,泰国头条新闻,#泰国华人头条#【驻泰国使馆举办中泰建交44周年庆祝活动】　7月1日，驻泰国使馆举办中泰建交44周年庆祝活动，邀请泰国前副总理、泰中文化促进委员会会长披尼，泰国前副总理、泰中友好协会会长功，泰国中华总商会主席陈振治，华裔联合会主席蚁凡，以及泰中经济文化协会代表，工商、教育、媒体界友好人士、华人华侨等150人出席。　　吕健大使发表了题为“回顾历史，走向未来：新时代的中泰关系”主题演讲。吕大使表示，44年来，在中泰两国领导人的亲自关心和引领下，两国关系取得长足发展，两国人民守望相助、心手相连，“中泰一家亲”的传统友谊历久弥新。中泰关系呈现出全方位、宽领域、深层次、立体化的蓬勃发展格局。吕健大使指出，随着中国特色社会主义进入新时代，泰国迈入曼谷王朝十世王时期，两国分别进入本国重要发展阶段，两国关系面临新的重要机遇。与此同时，当前世界处于百年未有之大变局，逆全球化、单边主义和保护主义抬头，给世界经济和国际关系带来消极影响。但中方始终坚信，全球化和多边主义的时代潮流不可逆转，各国共同发展的合作趋势不可改变。吕健大使强调，我们有信心、有决心、有能力把握住历史机遇，在习近平外交思想指导下着力将中泰关系打造成为不同社会制度国家关系的典范，全面提升中泰务实合作质量和水平，在推进互联互通、产能合作等“硬件”合作的同时，更加重视和推动治国理政经验交流、扶贫环保、教育培训等“软件”合作，合力将泰国打造成对接“一带一路”倡议、推进区域合作的地区枢纽和重要平台，支持泰国作为东盟轮值主席国发挥更大作用，推进东亚经济共同体建设进程，推动年内完成RCEP谈判，让中泰全面战略合作伙伴关系给两国和地区人民带来更大福祉。　本次庆祝活动使馆首次同时邀请长期支持、推动中泰友好交流和经济合作的泰三大民间组织——泰中文化促进委员会、泰中经济文化协会和泰中友好协会共同出席，中泰方嘉宾欢聚一堂，深情回顾两国交往历程，共同展望美好未来。嘉宾们热烈祝贺中泰建交44周年、中国共产党成立98周年和新中国成立70周年，从不同角度讲述了对中国共产党领导下取得的发展成就的钦佩和对中泰友谊的赞许与期待，强调习近平主席提出的“一带一路”倡议惠及泰国等众多国家和地区，泰方将更积极深入参与。首次应邀参加庆祝活动的泰国年轻侨领代表表示，愿继承先辈事业，将中泰友好世代传承下去。（摘自使馆网站）,,,,泰国华人头条,1,0,8,2019-07-02 17:36,专业版微博,"['http://ww4.sinaimg.cn/large/d0a732bfgy1g4lmnvd2cbj20m80etgxa.jpg', 'http://ww1.sinaimg.cn/large/d0a732bfgy1g4lmnve4d0j20m80esk20.jpg', 'http://ww2.sinaimg.cn/large/d0a732bfgy1g4lmnv9302j20m80es7dw.jpg', 'http://ww2.sinaimg.cn/large/d0a732bfgy1g4lmnw1pq4j20m80etalo.jpg', 'http://ww3.sinaimg.cn/large/d0a732bfgy1g4lmnvszlnj20m80ettmw.jpg', 'http://ww4.sinaimg.cn/large/d0a732bfgy1g4lmnvpnk4j20m80etk6f.jpg']",,
4389636686502177,HBBRirhvP,5704916395,泰国网,#使馆新闻#【驻泰国使馆举办中泰建交44周年庆祝活动】据中国驻泰使馆消息，7月1日，驻泰国使馆举办中泰建交44周年庆祝活动，邀请泰国前副总理、泰中文化促进委员会会长披尼，泰国前副总理、泰中友好协会会长功，泰国中华总商会主席陈振治，华裔联合会主席蚁凡，以及泰中经济文化协会代表，工商、教育、媒体界友好人士、华人华侨等150人出席。　　吕健大使发表了题为“回顾历史，走向未来：新时代的中泰关系”主题演讲。吕大使表示，44年来，在中泰两国领导人的亲自关心和引领下，两国关系取得长足发展，两国人民守望相助、心手相连，“中泰一家亲”的传统友谊历久弥新。中泰关系呈现出全方位、宽领域、深层次、立体化的蓬勃发展格局。吕健大使指出，随着中国特色社会主义进入新时代，泰国迈入曼谷王朝十世王时期，两国分别进入本国重要发展阶段，两国关系面临新的重要机遇。与此同时，当前世界处于百年未有之大变局，逆全球化、单边主义和保护主义抬头，给世界经济和国际关系带来消极影响。但中方始终坚信，全球化和多边主义的时代潮流不可逆转，各国共同发展的合作趋势不可改变。吕健大使强调，我们有信心、有决心、有能力把握住历史机遇，在习近平外交思想指导下着力将中泰关系打造成为不同社会制度国家关系的典范，全面提升中泰务实合作质量和水平，在推进互联互通、产能合作等“硬件”合作的同时，更加重视和推动治国理政经验交流、扶贫环保、教育培训等“软件”合作，合力将泰国打造成对接“一带一路”倡议、推进区域合作的地区枢纽和重要平台，支持泰国作为东盟轮值主席国发挥更大作用，推进东亚经济共同体建设进程，推动年内完成RCEP谈判，让中泰全面战略合作伙伴关系给两国和地区人民带来更大福祉。本次庆祝活动使馆首次同时邀请长期支持、推动中泰友好交流和经济合作的泰三大民间组织——泰中文化促进委员会、泰中经济文化协会和泰中友好协会共同出席，中泰方嘉宾欢聚一堂，深情回顾两国交往历程，共同展望美好未来。嘉宾们热烈祝贺中泰建交44周年、中国共产党成立98周年和新中国成立70周年，从不同角度讲述了对中国共产党领导下取得的发展成就的钦佩和对中泰友谊的赞许与期待，强调习近平主席提出的“一带一路”倡议惠及泰国等众多国家和地区，泰方将更积极深入参与。首次应邀参加庆祝活动的泰国年轻侨领代表表示，愿继承先辈事业，将中泰友好世代传承下去。O网页链接,,,,使馆新闻,2,0,6,2019-07-02 16:00,微博 weibo.com,"['http://ww2.sinaimg.cn/large/006e5fmzgy1g4lil13cpnj30m80etgxa.jpg', 'http://ww1.sinaimg.cn/large/006e5fmzgy1g4lil128oej30m80esdq0.jpg', 'http://ww2.sinaimg.cn/large/006e5fmzgy1g4lil5c784j30m80esk20.jpg', 'http://ww1.sinaimg.cn/large/006e5fmzgy1g4lil5g3szj30m80etalq.jpg', 'http://ww4.sinaimg.cn/large/006e5fmzgy1g4lil5nbeaj30m80es7dw.jpg', 'http://ww2.sinaimg.cn/large/006e5fmzgy1g4lil5xif0j30m80etalo.jpg', 'http://ww3.sinaimg.cn/large/006e5fmzgy1g4lil5vpyzj30m80ettmw.jpg', 'http://ww2.sinaimg.cn/large/006e5fmzgy1g4lil5z8g4j30m80etk6f.jpg']",,
4372218643930451,HuiJGguun,5603075231,泰安发布,【第三届中国国际茶叶博览会开幕，泰山茶组团参展！40多家泰山茶企、50多个品牌惊艳亮相！】中国的茶文化可以说是源远流长。炎炎夏日，沏一杯茗茶，无疑是十分惬意的享受。人间天堂，茶香八方，为了展示中国茶文化和茶产业的发展，由农业农村部和浙江省人民政府主办的第三届中国国际茶叶博览会，今天上午在G20杭州峰会主会场-杭州国际博览中心开幕，泰安市农业农村局组织泰山茶企组团参加本次茶博会。为了让电视机前的观众更好地了解此次茶博会，我们泰安市广播电视台特派记者将全程参与、报道泰山茶参展情况。本次茶博会以“茶和世界，共享发展”为主题，以深入实施乡村振兴战略、助力精准扶贫为主线，以塑强品牌和促进产销对接为重点，全面展示新中国成立70年来我国茶产业发展成就，展示交流新品种、新技术、新设备、新业态。展会展览面积7万平方米，共设置国际标准展位3125个，共有来自包括中东欧成员国和观察员、主宾国加纳，以及土耳其、越南等总计17个国家的部长级领导参会，总计共有36个国家和区域的外宾出席。在杭州国际博览中心，第三届中国国际茶叶博览会的现场，记者看到，带有浓郁泰山特色的泰山茶特装展位格外引人注目。据了解，泰安市农业农村局组织有关产茶县市区主管部门、泰山茶叶协会及泰山茶企等100余人参加展会，租赁90平米场地，统一布展，40多家泰山茶企的50多个品牌集中亮相提升泰山茶知名度、美誉度，集中宣传推介泰山茶。五岳独尊、迎客松，古色古香的泰山茶展位将泰山文化与茶文化有机结合，泰山女儿茶、泰山君子茶、泰顶青茶等众多泰山茶品牌登台亮相，引得广大喝茶爱好者纷纷驻足品尝，流连忘返。泰山津青茶业有限公司董事长魏传坤说：“以往我们都是各自展示自己品牌，今年我们四十多家企业在农业农村局的大力支持下抱团宣传，合力打响泰山茶品牌，争取早日把泰山茶推向全国乃至世界。”本届茶博会立足全国、放眼世界，注重营销推介知名茶叶品牌。泰山茶，以“国山圣水，生态茶乡”为核心品牌价值，产品品质堪称北茶至尊，还占据“禅茶一味”的茶道祖庭文化。泰安市东兴农业有限公司经理孙衍鹏告诉记者，茶博会举行了三届，他跟着市农业农村局参加了三届，通过茶博会让他们这些茶商增长了见识，开阔了眼界，增加了与茶叶同行的交流，也让泰山君子茶品牌知名度有了很大的提升。,,,,,0,0,2,2019-05-15 14:26,政务直通车,"['http://ww1.sinaimg.cn/large/006TgA3jly1g31zhfx847j30hs0bwab9.jpg', 'http://ww3.sinaimg.cn/large/006T81Pwly1g31zhgffkej30hs0dcmy4.jpg', 'http://ww4.sinaimg.cn/large/006TgRYUly1g31zhga0z7j30hs0e7myn.jpg', 'http://ww3.sinaimg.cn/large/006T81Pwly1g31zhfyt6dj30hs0klab7.jpg', 'http://ww2.sinaimg.cn/large/006TgRYUly1g31zhg44oaj30hs0dcq49.jpg', 'http://ww1.sinaimg.cn/large/006T82Jzly1g31zhfyh8ej30hs0d0gmp.jpg', 'http://ww1.sinaimg.cn/large/006UusoAly1g31zhgfeclj30hs0npmzw.jpg']",,
4359817101181716,Hp67c4XpW,5213230270,股市涨停风云,个股利好：信息发展拟10转7派0.3；盛通股份拟10转7；江阴银行拟10送2派0.5；洪汇新材拟10派10；穗恒运A、盈峰环境、岭南控股、丰乐种业一季报大幅预增；深深房A一季报扭亏为盈；中国铁建中标逾30亿元工程项目；大商股份签订16.5亿元总承包工程合同；海陆重工中标1.7亿元光伏扶贫电站建设项目；绿茵生态中标1.12亿元合同；金智科技中标6313万元模块化变电站项目。个股利空：一汽夏利、深南电A、西安饮食、友迅达一季报预亏；苏常柴A、英力特、金盾股份、翰宇药业、戴维医疗、宝莱特一季报预降；昂立教育年报预亏；音飞储存终止收购南京华德100%股权；海越能源存在重大会计差错更正，被出具警示函；刚泰控股、神雾节能将被ST；三七互娱、申通快递、飞乐音响、赫美集团、ST新梅股东减持；广汽集团、诚迈科技、鄂武商A、凤形股份、合力泰、新天药业、星网锐捷、建科院、天成自控、奥联电子、天泽信息、永安药业、欧浦智网、精研科技股东拟减持。,,,,,0,0,0,2019-04-11 09:07,360安全浏览器,,,
4359813863404754,Hp61YehJo,2177211932,金银华x,#今日解盘##股市#关注个股利好，仅仅提供参考，主意自己拿，风险自己担：信息发展拟10转7派0.3；盛通股份拟10转7；江阴银行拟10送2派0.5；洪汇新材拟10派10；穗恒运A、盈峰环境、岭南控股、丰乐种业一季报大幅预增；深深房A一季报扭亏为盈；中国铁建中标逾30亿元工程项目；大商股份签订16.5亿元总承包工程合同；海陆重工中标1.7亿元光伏扶贫电站建设项目；绿茵生态中标1.12亿元合同；金智科技中标6313万元模块化变电站项目。回避个股利空：一汽夏利、深南电A、西安饮食、友迅达一季报预亏；苏常柴A、英力特、金盾股份、翰宇药业、戴维医疗、宝莱特一季报预降；昂立教育年报预亏；音飞储存终止收购南京华德100%股权；海越能源存在重大会计差错更正，被出具警示函；刚泰控股、神雾节能将被ST；三七互娱、申通快递、飞乐音响、赫美集团、ST新梅股东减持；广汽集团、诚迈科技、鄂武商A、凤形股份、合力泰、新天药业、星网锐捷、建科院、天成自控、奥联电子、天泽信息、永安药业、欧浦智网、精研科技股东拟减持。外盘消息：昨夜美股收高，道指上涨0.03%，纳指上涨0.69%，标普上涨0.35%，欧洲主要国家股市涨跌互现。纽约原油期货上涨0.64美元，涨幅为1.0%，收于每桶64.62美元；纽约黄金期货上涨5.60美元，涨幅为0.40%，收于每盎司1313.90美元。,,,,今日解盘,0,0,0,2019-04-11 08:54,360安全浏览器,,,
4343619052360715,HiiJj9U83,3809988617,大理住建,大理州城乡规划委员会2019年第1次项目审查会议规划公示大理州城乡规划委员会于2019年1月31日召开了2019年第1次项目审查会议，审查了大理市、云龙县、巍山县、宾川县上报的6个项目，听取了大理市上报的3个项目的规划情况。现将有关情况进行公示，公示期5天。一、云龙县新增易地扶贫搬迁项目县城福堂安置点审查内容：修建性详细规划审查决议：（一）此项目是易地扶贫搬迁的重大项目，在修改完善以下内容的前提下，原则同意所报修建性详细规划，项目修改完善情况和审批资料报州规委办公室备案：1.云龙县要明确用地调整方案，完善用地相关手续；要落实周边交通等公共基础设施配套。2.项目规划建设必须符合防洪、泥石流、地质灾害等安全防护要求和生态保护要求，必须进行洪水影响评价、洪水安全复核。3.要按照交通影响评价审查意见修改完善项目动静态交通组织。（二）建议进一步修改完善以下内容：1.要尽快完善城市总体规划调整和片区控制性详细规划编制报批工作；2.优化道路断面设计，满足道路交通安全和通行需求。3.结合地方民族传统配套文化传习所、文化活动室等设施。4.优化总平面布局，提升项目品质和片区景观，建筑在满足消防、日照间距的前提下尽量集中布局，节约集约用地，预留生产用地和发展用地；公共服务配套在临江和中部三角地块集中设置。（三）州水务局、州住建局、州交通运输局、州国土资源局等州级部门要切实加强对项目的帮助指导，合力推进项目实施。二、云龙县丰瑞佳园审查内容：修建性详细规划审查决议：（一）在修改完善以下内容的前提下，原则同意所报修建性详细规划，项目修改完善情况和审批资料报州规委办公室备案：1.云龙县要尽快完善城市总体规划调整和片区控制性详细规划编制报批工作。2.建筑密度、绿地率等指标必须符合规划设计条件要求；区内道路、地下车库设置、计算标准等必须符合《大理州城市建设项目规划管理技术规定》等规范要求；要按照交通影响评价审查意见修改完善动静态交通组织。3.项目规划建设必须满足消防、安全疏散等要求。（二）要严格执行约定的开工时间、竣工时间，项目必须在2020年3月前完成建设。三、巍山县福泉小院审查内容：修建性详细规划审查决议：（一）在修改完善以下内容的前提下，原则同意所报修建性详细规划，项目修改完善情况和审批资料报州规委办公室备案：1.巍山县要完成巍山古城保护详细规划编制和报批。2.要严格执行赵进士故居、等觉寺等文物保护要求，赵进士故居修缮利用要进行专项设计和研究。3.项目规划建设必须符合历史文化名城保护、消防安全、四邻退让要求，尽端道路要设置消防车回车场。4.项目要按照《云南省住房和城乡建设厅关于加强城镇小区公共服务设施建设管理的指导意见》等规定配套完善公共服务设施。（二）要严格执行约定的开工时间、竣工时间，项目必须在取得施工许可手续之日起1年内完成建设。（三）建议进一步修改完善以下内容：1.停车位以设置片区集中停车设施为主，尽量减少地下空间开挖。2.绿化以乔木种植为主，尽量减少草坪设置。四、巍山县泰业首府项目审查内容：修建性详细规划审查决议：（一）巍山县要尽快梳理、调整完善古城保护规划及保护详细规划、城市总体规划、控制性详细规划等各层级规划，明确各规划之间关系，确保规划之间相互一致。（二）在修改完善以下内容的前提下，原则同意所报修建性详细规划，项目修改完善情况和审批资料报州规委办公室备案：1.项目建筑高度、风格等须符合《巍山历史文化名城保护规划》和文物保护相关要求。2.项目要按照交通影响评价审查意见修改完善动静态交通组织。3.项目要按照《云南省住房和城乡建设厅关于加强城镇小区公共服务设施建设管理的指导意见》等规定和片区控制性详细规划要求配套完善垃圾站等公共服务设施。4.建筑间距、建筑退让用地界线距离必须符合《大理州城市建设项目规划管理技术规定》要求。（三）要严格执行约定的开工时间、竣工时间，项目必须在取得施工许可手续之日起3年内完成建设。（四）建议进一步修改完善以下内容：1.从城市更新和风貌提升考虑，建议整合项目东侧用地统筹进行规划建设。2.优化项目平面布局和立面设计，增加内部集中绿化景观，临街设置商业综合体、会所、社区服务等公共服务配套，尽量减少多单元大面宽建筑和平屋顶设置。五、宾川县惠丰公园1号审查内容：修建性详细规划审查决议：（一）在修改完善以下内容的前提下，原则同意所报修建性详细规划，项目修改完善情况和审批资料报州规委办公室备案：1.宾川县要尽快完成片区控制性详细规划编制和报批。2.项目要按照交通影响评价审查意见修改完善动静态交通组织。（二）要严格执行约定的开工时间、竣工时间，项目必须在2020年3月前完成建设。（三）建议进一步修改完善以下内容：1.公共服务设施尽量设置在项目中部位置。2.优化项目平面布局和立面设计，提升中央景观，突出景观轴线，丰富临街商业建筑立面，减少平屋顶，加强临城市道路的绿化景观营造。六、大理市龙悦华府东地块审查内容：修建性详细规划审查决议：（一）在修改完善以下内容的前提下，原则同意所报修建性详细规划，项目修改完善情况和审批资料报州规委办公室备案：1.要完善控制性详细规划和规划设计条件调整手续。2.项目要按照控制性详细规划要求和《云南省住房和城乡建设厅关于加强城镇小区公共服务设施建设管理的指导意见》等规定配套完善公共服务设施。3.项目规划建设必须符合消防、安全疏散等要求。4.东、西地块建筑密度、容积率、绿地率、停车位等综合指标必须满足规划设计条件综合指标要求。（二）要严格执行约定的开工时间、竣工时间，项目必须在取得施工许可手续之日起4年内完成建设。（三）立足于把此项目作为大理城区具有标志性和示范引领性的城市综合体这一目标，建议进一步优化整体项目的平面布局和立面设计，提升主界面景观，丰富临街立面，优化建筑立面、色彩、屋顶设计，对整体项目建筑色彩、超高层外立面方案进行多方案优选。七、此次规委会还听取了大理核桃综合产业园核桃加工生产线项目修建性详细规划、龙山商务大厦规划设计方案、532901101012GB00051号宗地（上关水厂取水泵站）规划设计条件的汇报。根据《大理州城乡规划委员会工作规程》，此3个项目不属于州规委审查范围，提出以下建议供大理市、经开区参考：（一）大理核桃综合产业园核桃加工生产线项目修建性详细规划1.大理市要做好城市总体规划、片区控制性详细规划的调整维护。2.要完善土地相关手续。3.项目业态、规划建设、运行管理要符合环保、洱海保护要求，地块内水渠改道要满足防洪安全要求。4.落实楚大高速公路边沟、北侧输油管道位置，建（构）筑物退让高速公路、输油管道距离要满足规定要求。5.优化动静态交通组织和立面设计，调减出入口，优化内部货运交通流线、道路断面设计、对外建筑界面设计，加强临高速路绿化隔离，营造良好的景观氛围。6.按照《大理州城镇建设项目交通影响评价实施办法》进行交通影响评价，按评价意见优化交通组织。7.约定项目开工、竣工时间和违反处置措施，严格执行约定内容。（二）龙山商务大厦规划设计方案1.大理市要做好城市总体规划、片区控制性详细规划的调整维护。2.项目地下停车库及地下车库出入口占用用地范围外公园绿地及地下空间要征求权属部门意见。3.项目规划建设要满足消防、人防、抗震设防要求；要处理好四至退让关系，确保进村道路通畅。4.要约定项目开工、竣工时间和违反处置措施，严格执行约定内容。（三）532901101012GB00051号宗地（上关水厂取水泵站）规划设计条件1.大理市要做好镇总体规划的调整维护，尽快完成片区控制性详细规划的编制审批。2.核对与生态保护红线关系。3.落实与喜洲水厂泵站用地范围关系，合理确定用地范围和面积，避免形成零星用地。4.绿地率按不小于35%控制，并尽量增加绿化覆盖率。大理州城乡规划委员会办公室2019年2月25日,,,,,0,0,1,2019-02-25 16:22,360安全浏览器,,,
4331176120264460,Hd52416Nu,2076166751,魅力睢阳,【新时代新作为新篇章】督导回访：勒马乡2018年，勒马乡党委、政府紧紧围绕区委、区政府“三年大变、五年巨变”跨越发展目标，践行“马上办抓落实”工作机制，坚持以党建工作为统领，强力推进各项重点工作的开展，较好地完成了年度目标任务。一、抓党建强基础。党委书记切实履行党建工作第一责任人的责任，多次召开党建工作专题会议，理清党建工作思路，抓班子，带队伍，认真落实“三.五”基层工作日、党委理论中心组学习、三会一课等制度，深入推进“两学一做”教育常态化、制度化。选优配强145名村“两委”班子，三年来新发展党员48名，新建党群服务中心7个。扎实开展了主题党日、“逐个观摩、整体推进、全面提升”党建观摩活动，确保了党建工作水平整体提升。二、抓党建促脱贫攻坚。全乡两个贫困村，建档立卡贫困户474户1278人。一是对315户贫困户实施了到户增收项目，每户每年分红960元。二是为76户贫困户实施危房改造，拆除了612处废旧房屋。三是为符合条件的105人办理了残疾证，380人办理慢性性病卡，95名学生发放了帮扶资金，98户申请了小额贷款289万元。四是完成了963户厕所改造，297户实施了“六改工程”。五是实施了九大工程，新建了4个扶贫车间2个光伏供电站，打通了12个非贫困村断头路24公里。六是开展了大走访活动，党政主职对所有贫困户分别走访一遍。解决了实际问题，提高了贫困户满意度，年底确保完成两个贫困村出列，277户605人的脱贫任务。三、抓党建促产业发展。把招商引资工作当作天字号工程，年内落地企业5家，总投资达6.59亿元。牧原集团投资2.9亿元的大型养殖项目已正式投产，投资1.2亿元的商丘韵达电商物流园正在开工建设，商丘益歌泰服饰有限公司、双其服饰有限公司、顺鑫服装厂三家服装企业运行良好。四、抓党建促人居环境改善。一是全方位垃圾治理。按照“三无一规范一眼净”的标准，将村内村外、主次干道路两侧、河道、沟塘内的生活、白色垃圾全部清理干净。二是集镇区环境综合整治。对集镇区、勒马北街所有不规范的门头牌匾、乱搭乱建设施全部拆除到位，对所有马路市场、出店经营行为进行集中整顿。实施慢车道、人行道、路灯、绿化树木、护栏、下水道工程、弱线入地工程并已全部完成。同时，对集镇区主体建筑的外立面进行了统一粉刷，统一制作了门头牌匾，对旧街区破旧房屋进行了外观改造，制作了文化墙，营造了党建、脱贫攻坚、社会主义核心价值观、扫黑除恶等工作的宣传氛围。三是健全了长效保洁机制。全乡145名保洁员、转运员全部在岗在位，细化责任片区和路段，积极做好垃圾清扫和清运工作。垃圾中转站充分发挥作用，形成了村收集转运、乡集中、区处理的管理模式，做到了生产生活垃圾日产日清。五、抓党建促土地利用。从今年3月10日起，乡党政班子成员带领全乡党员干部，充分发挥模范带头作用，勇于担当，聚心合力，责任到人，明确任务，创新方法，先易后难，规范运作，按时按质按量完成工作任务。目前全乡完成土地增减挂钩面积1200余亩，残次林综合整治3243亩。下一步，勒马乡党委、政府继续团结带领全乡广大干群，振奋精神，抢抓机遇，苦干实干，为睢阳更加出彩贡献勒马力量。（督导专访：杨道彬夏红丽）O网页链接,,,,,0,0,0,2019-01-22 08:18,微博 weibo.com,,,
4223753354912228,G9XVRkBTu,1920323413,复利玫瑰顺势而为,"5G、雄安，广西扶贫，华为概念，次新，风来了，百元润建通信本id自注册以来，仅有3-4个索通上市后一字板开板时和中石开板时的帖子。3.20日开仓七一二后，一路做t，周五跌停跌仓，23日周五晚狂吹七一二，巧合真妖了。3月27日吹三川智慧，28日盘中巧合封板了，尽管被砸跳水3月28日吹智能自控，30日盘中巧合冲板了，尽管跳水收7%润建股份下周三个交易日必创历史新高！1：润建通信走势vs泰永长征走势泰永长征,5,6,7，8,13日五连板润建通信7日开板，跟风泰永长征涨停，8日强势洗盘。9日，12日，在泰永长征被关之际，强势二连板，大有新龙头之风。无奈，无大格局之小鳄鱼，12日狂砸持仓几只次新，把润建通信砸死了。同时买入东土科技1个多亿。12日，本人开盘竞价重仓买入东土科技（见微博），当日收益近9个点。龙虎榜小鳄鱼砸盘次新，希望引导工业互联网东土科技都第二波。很明显，小鳄鱼的格局是不被其他游资所认可的额，13日东土科技低开低走，无奈重仓的东土科技只能小肉出局。27日跟风龙头七一二2板，无奈26日长江证券武汉买入的三个营业部独食5700万，27日出货砸死。顶级游资中信证券有限公司上海分司买入3600万28日在七一二爱乐达17个点大面跳水下，润建通信盘中最低才砸到57.7（3.26涨停价57.37）。主力运作明显，资金锁仓。29日缩量调整，刚好在十日线止跌企稳30日明显盘中大资金买入，站上五日线。从开板后换手看，大资金锁仓明显，洗盘不破重要支撑，主力运作轨迹明显，周五技术调整到位，周六公司互动易配合炒作，被错杀的妖股基因股润建通信，下周开启百元之路。2：市场需要一直新的次新龙头出现，带动情绪，最近监管趋严，4板的票不建议再去追了，盘面上看，高位票游资接力情绪意愿明显不强了。低位的润建通信，4月的暴利机会。5G,,美MYZ，雄安，独角兽，扶贫五大概念，任何一个概念的炒作都支持润建通信的翻倍行情。3：3.27的四碗17个大面股，周四9点23依然低开，在必创科技强势竞价涨停的刺激下，最后两分钟被资金抢筹纷纷高，周五七一二妖股在必创科技强势高开9%秒板，七一二早盘却冲板，没有资金封板回落，显弱势，尽管下午在个股高潮的情况下，回封，依然更看好低位的润建通信，偏向于高位风险极大。七一二周四周五的2板，根源在于古北路周四强力打造必创科技四板，引导情绪，围魏救赵（周三古北路打板吃了多少碗大面啊），以及周四监管居然放松监管，没有特停必创科技，引爆周五的五板，加上七一二极好的人气。4：妖股对标——炒作对标大牛股超讯通信，纵横通信，5G新龙头润建通信无疑，炒新不炒旧。5G消息面大概率不断刺激，润建通信随时引领5G板块爆发。5：风口——广西首涨窄带物联网正式商用，率先启动5G试点建设，标志着广西已经进入万物互联新时代。6：风口——美毛衣战，特朗普正式签署raybaumact，动用紧急经济权利法限制中国在美投资，5G或者禁区，利好国内5G,板块。7：风口——雄安一周年。打造智能新区，雄安首次5G远程自动驾驶测试完成。8风口——独角兽，与华为合作，华为是全球领先的信息与Ict解决方案供应商。目前公司已与华为建立业务合作关系。9：本周三家，16亿，三家常态化，利好次新。次新开板空窗期，ipo新报会企业明显减少，利好次新。流通盘31亿，适合游资接力。10：妖股对标——代码002927泰永长征无厘头无概念硬炒了一波情绪妖。泰永长征值得炒作的逻辑，代码002929润建通信一样不缺。002927贵州扶贫概念，002929广西扶贫概念，资金一直青睐贵州扶贫概念，广西之前没有值得炒作的标的而已，有如此多妖股基因的润建通信，4元见证百元润建通信百元润建，技术面调整结束，主力布局完成，5G、雄安，广西扶贫，华为概念，次新，五大风口同时吹来，不要说猪，就连大象都可以吹上天。周六公司互动易不辞辛劳，极力配合炒作-----公司已为南宁移动提供服务多年；公司已与华为建立业务合作关系，为其提供技术服务与支持；公司结合主业开展物联网新业务的研究；公司在雄安新区已有部分业务在实施当中；公司将抓住广西率先启动5G,试点的发展机遇，积极承接相关业务;公司已为中国电信，中国联通服务多年。周一本人满仓干入，静待消息面刺激和游资合力2板，或者走慢牛趋势，打造百元润建。不喜勿喷，仅个人逻辑和操盘计划。",,,,,0,4,10,2018-03-31 21:58,iPhone客户端,,,
4215651633797647,G6zazfVWn,6267138406,河北泰辰商务服务集团,#全国人大代表求解“城市扶贫”：需政府社会合力#【2018全国两会】(两会综述)全国人大代表求解“城市扶贫”：需政府社会合力3月8日电(周燕玲刘占昆)全国两会期间，对于“城市扶贫”，不少人大代表提出了思考与建议。　　全国人大代表、民政部副部长宫蒲光说，脱贫攻坚主要瞄准农村地区是非常正确的，可以解决城乡发展不平衡问题以及缩小贫富差距等，但脱贫攻坚中也要重视城市贫困人口的扶贫问题。　　有分析人士指出，目前，中国城市贫困人口大致分为进城农民工、失业人员及特殊人群等。　　全国人大代表、海南省副省长苻彩香说，在打赢农村贫困人口脱贫攻坚战的同时，城市还存在相当数量的困难职工急需解困脱困。　　苻彩香介绍，要解决城镇职工的困难，涉及到就业培训、社会保障，医疗救助、国企改革等方方面面，需要政府和社会各界共同努力。　　贵州5年来减少农村贫困人口670.8万人。全国人大代表、贵州省黔东南州委副书记、州长罗强说，虽然目前主要是解决农村绝对贫困问题，但城市贫困人口问题也应得到重视。点击进入下一页资料图：河北石家庄以“促进转移就业助力脱贫攻坚”为主题举办的43场农民工招聘会正如火如荼地进行着，每场招聘会提供就业岗位约6000个。图为当地其中一场招聘会上人潮涌动。中新社记者翟羽佳摄　　目前，随着农村贫困人口呈逐年下降趋势，城市贫困人口被一些省市纳入考量范围。　　2018年3月，江西出台了《关于加大城镇贫困群众脱贫解困力度的意见》，决定对该省88.61万城镇贫困人口进行系统帮扶，确保到2020年城乡贫困人口同步实现全面小康。　　全国人大代表、江西省民政厅厅长刘金接介绍，为确保城镇贫困人口脱贫解困目标如期实现，推出了在基本生活保障、就业创业、医疗保障、教育救助、社会保险等八个方面的政策措施，解决城镇贫困人口实际困难。　　“但江西城镇贫困群众各项保障不平衡不充分问题依然存在，部分群众在基本生活、就业、医疗、教育、社保、住房等方面还存在不少困难和问题。”刘金接说。扶贫是一场持久战，不管是农村脱贫还是“城市扶贫”，都要攻坚克难。宫蒲光希望，能把城市贫困人口的脱贫问题提上日程，政策和资源向城市贫困人员倾斜。河北地推企业管理咨询服务有限公司隶属于河北泰辰商务服务集团现负责运营多家行业公司推广外包服务。业务涵盖：国内劳务派遣（档案管理）、人力资源（八项全面服务）；企业代理记账、工商注册；计算机软硬件研发、维护，企业网管软硬件服务外包；家政保洁等。专注于企业营销策划、网络推广、市场推广、品牌推广、企业销售等多项外包服务。河北地推企业管理咨询服务有限公司会根据市场需求为服务企业做最专业的地推服务外包方案！励志打造中国最优质的商企服务生态圈！,,,,全国人大代表求解“城市扶贫”：需政府社会合力,0,0,0,2018-03-09 13:25,微博 weibo.com,,,
4178985401149836,Fx8LO4P7K,2111623083,景秀江山文旅,山东省淄博市淄川区寨里镇：“三促”脱贫攻坚近年来，淄博市淄川区寨里镇在扶贫政策兜底的基础上，不断调整工作思路和举措，按照“不掉一户、不落一人”的要求，精心筹划布局，探索创新了政府、社会、家庭“三位一体”的扶贫新格局，全面做好脱贫攻坚工作。产业项目促增收。一是发展特色农业。积极发展蓼坞小米、井筒核桃等特色产品，帮助贫困户实现自我增收。二是发展生态旅游。先后建成了朱水湾汽车房车露营地、泰溪文化创意园等旅游线路，带动了当地贫困户的增收。三是发展特色产业。通过光伏发电等产业扶贫途径，带动贫困户长效脱贫，打造了产业扶贫的“寨里样本”。“三位一体”促发展。在扶贫政策兜底的基础上，寨里镇积极探索多种项目脱贫长效机制，特别是探索建立政府、社会、家庭“三位一体”扶贫新格局，充分发挥政府、社会、家庭不同层面作用，形成了脱贫攻坚合力。技能培训促就业。利用“新农村、新生活”培训平台，举办“寨里镇家政服务（月嫂）培训班”，提升了广大贫困妇女综合素质及就业能力。,,,,,0,0,0,2017-11-28 09:07,360安全浏览器,,,
4078231772385528,EwPaha0Ag,5876160224,牵牛娃77,【早间公告】英力特（000635）：天元锰业触发要约收购收购价25.89元/股中国铁建（601186）：中标65亿元石家庄城市轨道交通项目顾家家居（603816）：拟15亿元投建智能家居生产基地牧原股份（002714）：实控人拟不超5亿元参与设立扶贫基金光一科技（300356）：2016年净利同比增逾3成拟10转15合力泰：拟10转30实控人及董监高等拟减持至多8225万股宝光股份（600379）：获控股股东累计增持2.49%股份拟继续增持长城电脑（000066）：获实控人增持1468万股八菱科技（002592）：员工持股计划累计买入逾4亿元股份中材科技（002080）：2016年净利降36%今年一季度预增60%-110%鼎泰新材（002352）：顺丰借壳后首份业绩快报亮相2016年净利超40亿元天银机电（300342）：2016年净利1.65亿元同比涨逾五成晶盛机电（300316）：2016年盈利2亿元同比增长逾九成嘉澳环保（603822）：2016年净利增长三成拟10派2.08世龙实业（002748）：2016年净利1亿元同比增174%东方雨虹（002271）：2016年净利超10亿同比增逾4成金贵银业（002716）：2016年净利1.5亿元同比增26%罗牛山：拟向大东海3亿元转让三亚农商行6.91%股权23日复牌盛和资源（600392）：参股设立的华贵人寿保险获开业批复爱康科技（002610）：全面推进能源互联网业务拟出售部分并网电站#微博股票##今日看盘##大盘走势分析#,,,,"微博股票,今日看盘,大盘走势分析",0,0,0,2017-02-23 08:28,微博 weibo.com,,,
4078218703124318,EwOPcd6Me,1361264832,股润清风,发表了博文《个股动态》个股动态合力泰：实控人提议公司年报10转30首创股份：预中标16亿元PPP项目顾家家居：15亿投建智能家居生产基地牧原股份：不超5亿元参与设立扶贫基金光一科技：2016净利增逾3O个股动态,,,,,0,0,0,2017-02-23 07:36,新浪博客,,,
4549436623815667,JkK4ug0D1,3712014514,西部号外,回馈家乡献爱心重教助贫暖人心作者：孙勇强近日，宝鸡市众兴汽车服务有限责任公司、宝鸡市宏远商贸有限责任公司、宝鸡市杭泰商贸有限公司、宝鸡市盛轩家具有限公司负责人及7名社会爱心人士在陈仓区拓石镇拓石一中进行了爱心捐赠。“非常感谢叔叔、阿姨们对我们的关心关怀，不但为我们送来了生活用品，还发放了补助金，我们会以他们为榜样，好好学习，用优异的成绩来回报他们，不辜负他们的期望。”拓石镇第一九年制学校八年级学生张兰（化名）开心的说道。据了解，此次宝鸡市爱心企业及爱心人士向拓石一中捐赠床单被罩300多件，价值3万余元；为25名建档立卡贫困家庭学生每人发放助学慰问金200元，共计5000元。“孩子是祖国的未来，教育是阻断贫困代际传递的根本之策，作为从山里走出来的我，深知教育是改变贫困家庭命运的最有效的方式。这些年来经过我和团队的努力打拼，事业小有成就，前段时间回到家乡，当我看到家乡受灾，各级政府为家乡父老乡亲脱贫增收致富而不懈努力时，我觉得，我应该为生我养我的家乡做点力所能及的事情，我们几个在群里一说，大家纷纷响应，结合各自优势，有钱的出钱，有物的出物，促成了这次助教资助活动……致富思源，为政府分忧，为民解困是企业义不容辞的责任，希望通过这次捐赠，能够为家乡的发展、为孩子们的成长尽一份责、出一份绵薄之力。”宝鸡市众兴汽车服务有限责任公司负责人王喜林说道。据悉，今年以来，一批批爱心企业、爱心人士，积极响应党和国家号召，主动践行使命担当，履行社会责任，以扶贫助困为己任，携手抗击疫情，大力开展扶贫助困公益帮扶活动，帮助贫困群众销售农特产品，助力教育事业发展，关心关爱贫困儿童，为村容村貌提升和贫困群众生产生活条件改善、持续增收添砖加瓦，据统计，上半年累计近20个社会党组织及爱心企业在拓石镇8贫困村村3所中小学校进行了捐助帮扶，捐资捐物累计价值近20万元，为全面打赢脱贫攻坚收官战、助力乡村振兴集聚了强大合力。,,,,,0,0,0,2020-09-15 15:07,微博 weibo.com,['http://ww2.sinaimg.cn/large/dd40d8b2ly1gircoujhgnj20iw0e6e5r.jpg'],,
4531317373409583,Jd8HTeiZh,2370504027,鄂托克前旗发布,自治区首批！我旗两家入选为进一步推动民族传统奶制品产业发展，自治区市场监管局启动民族传统奶制品产业发展首批试点示范工作。日前，自治区民族传统奶制品产业发展首批160个试点示范名单公布，其中，呼和浩特市3个，包头市6个，呼伦贝尔市26个，兴安盟10个，通辽市16个，赤峰市21个，锡林郭勒盟28个，乌兰察布市17个，鄂尔多斯市12个，巴彦淖尔市13个，阿拉善盟6个，满洲里市1个，二连浩特市1个。（图片来源：人民网内蒙古频道。齐浩男摄）鄂尔多斯市12个入选试点名单▼康巴什康和人家优品超市伊金霍洛旗地产食品加工园区伊金霍洛旗益尚客生活超市苏泊罕大草原旅游景区游牧部落奶食品民俗体验区内蒙古道尔养殖专业合作社内蒙古牧名食品有限责任公司乌审旗南丁苏奶食品加工厂乌审旗额勒佰格种养殖有限责任公司乌审旗稀日素乳业有限公司鄂尔多斯市伊德泰生态农牧业有限公司鄂托克前旗鄂德泰食品科技有限公司鄂托克前旗蒙德民族食品加工厂据悉，试点示范时间为期一年，从2020年5月至2021年4月。试点示范工作按照自愿申请，盟市、旗县（市、区）两级市场监管局遴选、两级政府复核的申报程序进行评选，旨在发挥典型引领作用，积累可推广可复制的经验，有效推动民族传统奶制品产业健康发展。民族传统奶制品产业发展首批试点示范名单▼（全部名单）呼和浩特市（3个）呼和浩特市土默特左旗沙尔沁镇萨日朗乳制品厂内蒙古维多利摩尔超市有限责任公司内蒙古维乐惠超市有限公司环河街分店包头市（6个）包头市达茂旗食品检验检测中心达茂旗民族传统奶制品加工园区达茂旗圣达农牧产业发展有限公司达茂旗阿都琴农牧业专业合作社达茂旗百灵庙镇蒙达超市达茂旗毕力格泰民族食品有限责任公司（昭和草原景区）呼伦贝尔市（26个）海拉尔区金鑫美吉纯酸奶加工坊呼伦贝尔泰业商贸有限公司呼伦贝尔市河东胜利市场经营有限责任公司陈巴尔虎旗东乌珠尔苏木民族传统奶制品产业园区陈巴尔虎旗百合利奶食品有限公司陈巴尔虎旗金鼎经贸有限责任公司陈巴尔虎旗金帐汗旅游部落陈巴尔虎旗天下草原级旅游部落新巴尔虎右旗民族传统奶制品检验检测中心新巴尔虎右旗民族传统奶制品产业园区新巴尔虎右旗巴尔虎塔拉畜牧业专业合作社新巴尔虎右旗贝尔苏木巴达图畜产加工部新巴尔虎右旗斯琴高娃传统奶食品作坊新巴尔虎右旗腾格里塔拉畜牧业专业合作社新巴尔虎右旗阿拉坦额莫勒镇友谊超市新巴尔虎右旗克尔伦苏木米吉格道尔吉生态家庭牧场新巴尔虎左旗昂格乐玛奶业有限公司新巴尔虎左旗嵯岗牧场德吉奶制品加工厂新巴尔虎左旗爱润呼日德奶食品加工店新巴尔虎左旗蒙羖源传统奶食品加工部新巴尔虎左旗星辰生活超市新巴尔虎左旗嵯岗牧场巴尔虎蒙古部落鄂温克旗巴彦托海镇厄鲁特牧人传统奶制品加工部鄂温克旗塔本苏布德畜牧业牧民专业合作社鄂温克旗浩硕牧民专业合作社鄂温克旗家乐购超市兴安盟（10个）内蒙古巴图查干奶制品有限公司乌兰浩特欧亚富立置业有限公司科右前旗爱日克奶食品专业合作社科右前旗百盛食品百货超市科右前旗乌兰毛都苏木爱日克奶食品专业合作社科右中旗巴图查干种养殖业专业合作社科右中旗希牧肽奶制品加工有限责任公司科右中旗乌力吉图奶制品坊科右中旗毛仁塔拉种养殖业专业合作社科右中旗家福乐生活超市通辽市（16个）通辽市宏通乳制品有限公司通辽欧亚购物中心科左后旗巴嘎塔拉苏木乌丹奶食品加工厂科左后旗甘旗卡蒙泰元奶制品加工厂科左后旗甘旗卡利蒙民族食品加工部内蒙古玛拉沁食品有限公司通辽市嘎达苏种蓄场民族传统奶制品加工园区扎鲁特旗乳康食品有限公司扎鲁特旗鲁北镇乳香奶制品厂扎鲁特旗丰源商贸有限公司扎鲁特旗鲁北镇益利超市扎鲁特旗老乡山庄文化传媒有限公司扎鲁特旗鲁北镇乌兰奶制品店科左中旗小明奶制品制作店科左中旗哈日伊奶制品作坊科左中旗灵儿生活购物中心赤峰市（21个）阿鲁科尔沁旗朝克图罕山传统食品有限公司阿鲁科尔沁旗纯净奶食有限公司阿鲁科尔沁旗浑都冷高乐家庭牧场阿鲁科尔沁旗塔马哈农牧业专业合作社阿鲁科尔沁旗阿拉坦其其格家庭牧场阿鲁科尔沁旗乌日罕奶食品加工有限公司阿鲁科尔沁旗梅林家庭牧场阿鲁科尔沁旗特格西巴亚尔家庭牧场阿鲁科尔沁旗天山镇润万家超市蒙古汗廷文化园区非物质文化遗产社区展示中心克什克腾旗巴彦查干苏木巴音浩日特产店克什克腾旗故乡宝食品有限公司克什克腾旗经棚镇新农联合作超市克什克腾旗乌兰布统蒙元传统文化园产品展示中心翁牛特旗阿吉太食品加工厂巴林左旗孟和奶食品有限公司巴林左旗林东西城中泽超市喀喇沁旗蒙涵奶食坊喀喇沁旗炳森食品加工厂巴林右旗牧腾养殖专业合作社巴林右旗塞外奶食加工坊锡林郭勒盟（28个）内蒙古马苏乳业有限公司锡林浩特市塔奔贺希格食品加工厂内蒙古德克隆商贸（连锁）有限公司锡林浩特市蒙古丽宫酒店锡林郭勒盟镶黄旗检验检测实验室镶黄旗扶贫产业（奶制品加工）园区镶黄旗安格尔奶食店镶黄旗草原原味奶食店镶黄旗民族传统奶制品展示厅锡林郭勒盟阿巴嘎旗检验检测实验室阿巴嘎·传统奶食产业园阿巴嘎旗照富经贸有限责任公司（酸马奶）阿巴嘎旗小毕牧区奶食店阿巴嘎旗天润发超市有限公司阿巴嘎旗黑马文化内蒙古西贝汇通牧业科技发展有限公司正蓝旗土拉嘎奶食品加工厂正蓝旗爱伦苏奶食店正蓝旗查干敖包奶食加工店正蓝旗上都镇原野奶食店内蒙古苏太食品有限责任公司正蓝旗福万家超市正蓝旗上都镇金都草原旅游度假村东乌珠穆沁旗机勒乳业东乌珠穆沁旗阿日合力食品加工坊东乌珠穆沁旗宏利超市苏尼特左旗德歌吉奶制品加工厂正镶白旗乳香飘奶制品有限公司乌兰察布市（17个）内蒙古苏荷乳业发展有限公司集宁海天大卖场集宁奥威便利超市察右前旗美食汇加工园区察右前旗双喜养殖专业合作社察右后旗蒙根高勒养殖牧民合作社察右后旗乌兰哈达天鹅湖传统奶食加工察右后旗旺牧养殖种植农民专业合作社察右中旗乳泉奶食加工开发有限公司察右中旗百川宏润宝超市内蒙古辉腾锡勒旅游文化股份有限公司四子王旗金蒙谊养殖有限责任公司四子王旗巴特尔吉祥奶食店四子王旗草原情奶食店四子王旗兴达超市旗舰店四子王旗格根塔拉旅游景区凉城县鼎川旅游发展有限公司鄂尔多斯市（12个）康巴什康和人家优品超市伊金霍洛旗地产食品加工园区伊金霍洛旗益尚客生活超市苏泊罕大草原旅游景区游牧部落奶食品民俗体验区内蒙古道尔养殖专业合作社内蒙古牧名食品有限责任公司乌审旗南丁苏奶食品加工厂乌审旗额勒佰格种养殖有限责任公司乌审旗稀日素乳业有限公司鄂尔多斯市伊德泰生态农牧业有限公司鄂托克前旗鄂德泰食品科技有限公司鄂托克前旗蒙德民族食品加工厂巴彦淖尔市（13个）巴彦淖尔市杭锦后旗食品检验检测中心内蒙古英格苏生物科技有限公司巴彦淖尔市伟乐斯奶食品有限公司乌拉特后旗食品加工园区乌拉特后旗巴音镇鑫华联超市乌拉特中旗豪聚奶牛养殖场乌拉特中旗都思乐合作社乌拉特中旗苏萨楚丽合作社乌拉特礼物旗舰店乌拉特前旗乌拉山奥奶醇香奶制品厂五原县妙妙奶食品加工河套电子商务产业园区五原县摩尔城华联生活超市阿拉善盟（6个）阿左旗博隆食品加工园区阿左旗金骆驼农牧民专业合作社阿拉善盟康源奶业有限公司阿拉善盟爱心雅商贸有限责任公司阿拉善盟非物质文化遗产展演基地内蒙古沙漠之神生物科技有限公司满洲里市（1个）满洲里市大商友谊超市二连浩特市（1个）海燕奶制品批发部,,,,,0,0,1,2020-07-27 15:08,微博 weibo.com,['http://ww2.sinaimg.cn/large/8d4b055bly1gh5jpwpj60j20fc0a70tp.jpg'],,
4530924248641015,JcYtOAfVd,7441803286,确山微头条,#确山资讯#确山县三里河一社区用小蚂蚱“蹦”出一条致富路近日，确山县三里河街道老臧庄社区又一蚂蚱养殖产业大棚落户到贫困户臧小卡家中，由山东大学潍坊校友会、山东泰北环保设备股份有限公司合力搭建的产业大棚正式投入使用，让这个脱贫的残疾人家庭在稳固脱贫的路上又迈出坚实的一步。据悉，蚂蚱特色养殖项目不仅投资少、风险小，而且收益高。2019年，该社区赵庄村组贫困户孙红军成为第一家受助蚂蚱养殖示范户，经过一年的精心养殖，今年的第二批蚂蚱喜获丰收，一次收入达千元，一个30平米的蚂蚱养殖大棚年增收可达四千多元，成为该社区继蜗牛扶贫产业之后的又一带动贫困户脱贫致富的好项目。#驻马店头条##驻马店身边事#,,,,"确山资讯,驻马店头条,驻马店身边事",0,0,1,2020-07-26 13:06,iPhone客户端,,,
4530668379838706,JcRP7FhuO,3280910773,HNTV驻马店站,#驻马店身边事#【小蚂蚱“蹦”出一条致富路】近日，确山县三里河街道老臧庄社区又一蚂蚱养殖产业大棚落户到贫困户臧小卡家中，由山东大学潍坊校友会、山东泰北环保设备股份有限公司合力搭建的产业大棚正式投入使用，让这个脱贫的残疾人家庭在稳固脱贫的路上又迈出坚实的一步。据悉，蚂蚱特色养殖项目不仅投资少、风险小，而且收益高。2019年，该社区赵庄村组贫困户孙红军成为第一家受助蚂蚱养殖示范户，经过一年的精心养殖，今年的第二批蚂蚱喜获丰收，一次收入达千元，一个30平米的蚂蚱养殖大棚年增收可达四千多元，成为该社区继蜗牛扶贫产业之后的又一带动贫困户脱贫致富的好项目。,,,,驻马店身边事,0,0,0,2020-07-25 20:09,,"['http://ww1.sinaimg.cn/large/c38eb9b5ly1gh3h6i59yvj20qy0ijq5o.jpg', 'http://ww3.sinaimg.cn/large/c38eb9b5ly1gh3h6kads9j20qy0i9dk4.jpg', 'http://ww3.sinaimg.cn/large/c38eb9b5ly1gh3h6pdup4j20qw0io42h.jpg', 'http://ww2.sinaimg.cn/large/c38eb9b5ly1gh3h6qytovj20qy0dogn8.jpg']",,
4516859951581633,J74Bt6Dsd,6728257319,南门女子,读Ta吧【泰和县民营企业爱心助力新疆阿克陶县脱贫攻坚】6月17日下午，#这里是江西#泰和县工商联、县扶贫办举行民营企业助力新疆阿克陶县脱贫攻坚捐赠仪式，泰和国兴市场管理有限公司、江西南方物流有限公司、江西合力泰科技股份有限公司、吉安傲农生物科技有限公司、江西邦力达电子科技有限公司等5家民营企业为新疆阿克陶县爱心捐款27万元，助力阿克陶人民打赢脱贫攻坚战#泰和颜色#。,,,,"这里是江西,泰和颜色",2,2,3,2020-06-17 17:39,读Ta吧超话,"['http://ww1.sinaimg.cn/large/007ll55lgy1gfvfb5dwr0j30u00miwjj.jpg', 'http://ww1.sinaimg.cn/large/007ll55lgy1gfvfb5zu8cj30u00mi0xb.jpg', 'http://ww1.sinaimg.cn/large/007ll55lgy1gfvfb6ggnej30u00mi42s.jpg', 'http://ww3.sinaimg.cn/large/007ll55lgy1gfvfb6yawbj30u00miq73.jpg', 'http://ww4.sinaimg.cn/large/007ll55lgy1gfvfb7gahcj30u00midkf.jpg', 'http://ww3.sinaimg.cn/large/007ll55lgy1gfvfb80j1jj30u00midk7.jpg']",,
4481599632078784,IyeMj8IMM,3318140764,安阳日报,【内黄县：“保姆式”服务推动企业复工复产】3月5日，位于内黄县产业集聚区的安阳贝利泰陶瓷有限公司二期智能工厂举行点火投产仪式。该项目是意大利萨克米公司等国际先进设备制造商合力打造的亚洲工业4.0示范工厂，总建筑面积10万平方米，总投资6.5亿元，建设2条工业4.0版全智能生产线，达产后可实现年产1500万平方米陶瓷板，预计年销售额约8亿元，可安排就业200余人。新冠肺炎疫情发生以来，内黄县主动作为、积极作为、科学作为，牢牢把握疫情防控底线，想企业所想、急企业所急、难企业所难，切实做好检查验收和技术指导，“保姆式”服务推动企业复工复产。早在2月4日，内黄县产业集聚区、县工信局等部门在走访企业中了解到，河南翔宇医疗设备股份有限公司艾灸类产品生产线符合复工条件，主动建议企业提出复工申请。县疫情防控指挥部急事急办、特事特办，专程向市疫情防控指挥部递交了复工申请。市疫情防控指挥部当晚就同意企业复工复产。2月7日，河南翔宇医疗设备股份有限公司艾灸类产品生产线正式复工。生产线采用隔位作业，用工90人，均为本地工人，3500平方米车间用工20人，工人密度降低，确保不交叉感染。为切实加强企业疫情防控，努力将疫情对企业运行的影响降到最低，内黄县四个班子领导先后多次带领县工信局、产业集聚区、卫健委、发改委等部门负责同志深入企业一线，就企业复工复产需要的原材料、销售网络、金融服务、疫情防控措施等问题进行调研，为企业复工复产出谋划策，同时为企业带去84消毒液等防控消杀物品。在广泛征求意见和建议的基础上，该县认真学习省、市文件精神，研究制定出台了《内黄县工业企业新型冠状病毒感染的肺炎疫情防控期间复工复产实施方案》，组织复工企业按照“零输入、零扩散”的标准做好复工复产准备工作，实现疫情防控和复工复产两手抓、两不误。该县各职能部门实行联合办公、联审联批、限时办结，确保各项扶持政策快落地、快生效，共同帮助企业应对疫情，共渡难关。县市场监管局为涉及防疫用品生产和生活物资生产、销售的企业复工复产开通网上审批绿色通道，及时审批发证，助力企业合法生产。内黄县建立完善企业应对疫情帮扶机制，建立精准扶持机制，优化企业服务。该县对所有复工复产工业企业均按要求落实疫情防控各项措施，并且每个企业明确了一名县级干部和局委分包，对复工企业盯死看牢，确保不出问题。内黄县各乡镇一手抓疫情防控，一手抓复工复产，主动融入，帮助辖区企业纾困解难、有序复工复产。3月9日一大早，在位于井店镇的内黄县兴隆农产品有限公司门口，工人戴着口罩、排着队一一测体温、消毒、登记，一整套严格的程序后，进入生产车间开始工作。井店镇班子成员全部下沉到辖区企业和产业扶贫就业点，开展一对一“保姆式”服务，帮助企业制订复工复产方案，协助做好防疫宣讲、卫生消毒、物资保障、后勤服务等工作，为企业提供贴心服务。内黄县加强复工复产企业员工医疗保障，为全县范围内定点医院发热门诊收治的企业复工复产员工开通绿色就诊通道。该县各级医疗机构持续加强发热门诊、预检分诊建设，增加工作人员和救护车组，并成立复产企业医疗救护应急专项工作组。专项工作组采取24小时值班制度，负责接诊、救治复工复产企业报告的可疑病例。内黄县卫健委挑选责任心强、业务精、防控知识熟的疾控专业人员、卫生监督执法人员组成专业小分队，及时为企业提供贴身式服务，对职工进行消毒、个人防护等防疫知识培训；指导企业做好车间、宿舍、食堂、车辆等各环节的防控管理工作；协助企业做好外地返岗人员的隔离管控，为身体不适的员工提供医疗救助；为在职员工提供保健服务等。（记者任贵伟通讯员刘超）,,,,,6,4,7,2020-03-12 10:27,专业版微博,['http://ww3.sinaimg.cn/large/c5c6cf5cly1gcqxpvj1hcj20go0bewku.jpg'],,
4481361056012959,Iy8zvpefd,3318140764,安阳日报,【安阳市集中观摩36个重点项目：交流经验找差距明确方向增干劲】仲春初暖，万物萌动。安阳大地，生机勃发。3月9日至11日，市委书记、市人大常委会主任李公乐，市委副书记、代市长袁家健等市四个班子领导带领各县（市）区、市直有关部门负责同志，对各县（市）区的36个项目进行了集中观摩。这是我市坚决贯彻落实党中央、国务院和省委、省政府决策部署，统筹推进疫情防控和经济社会发展，加快推动重点项目复工开工建设，努力实现全年经济社会发展目标任务的重要举措。这次观摩活动组织严密，内容丰富，观摩团一行重点观摩了各县（市）区在产业转型升级、先进制造业培育、现代服务业壮大、乡村振兴战略实施等方面的项目，集中检验了各县（市）区加大招商引资力度、加快重点项目建设、推动高质量发展的成效。市领导徐家平、陈志伟、易树学、黄明海、董良鸿、李向前、王朴、程利军、刘建发、田海涛、祝振玲、李长治、高勤科、郜军涛参加观摩。在龙安区，观摩团深入中农联农副产品批发大市场项目、“三新”产业园项目、钣喷产业园项目、龙泉镇羊毛屯村乡村振兴项目现场实地观摩。中农联农副产品批发大市场项目占地400多亩，总投资25亿元，一期工程预计今年10月建成完工，二期工程正在谋划启动，计划明年建成运行。走进项目工地和规划展示中心，李公乐详细了解疫情防控、建设进度、工人返岗等情况。他指出，要在做好疫情防控基础上，紧盯项目建设工期目标不放松，进一步加大科学施工和统筹调度力度，在保证工程质量的前提下努力把耽误的工期赶回来，确保项目如期建成。林州市近年加大招商引资力度，积极引进了一批投资额度大、科技含量高、带动能力强的重点项目。诚雨高性能覆铜板项目采用世界领先的生产设备和工艺技术，研发生产耐高温、讯号传输快的高端覆铜板和粘结片，产品远销巴西、意大利、韩国等国家；凤宝热扩车桥项目采用无缝钢管，向商用车、挂车等高端主机厂配套驱动桥和挂车总成，实现了汽车轻量化、绿色制造目标；模具中心项目发挥市场、技术和资金等优势，致力打造豫北地区最先进的模具加工中心；红旗渠农产品精深加工产业园项目将以二产加三产辐射带动一产，推动三产融合、全链条发展。殷都区围绕精品钢及深加工、机械铸造等主导产业，大力推进设备、工艺、产品转型升级，不断探索工业重镇可持续发展之路。在实地观摩晨盛年产30万吨装配式钢结构建筑产业园二期项目、中鼎全铝家具及铝型材项目、京冶华城钢结构建筑产业基地项目后，李公乐说，精品钢、铝型材市场潜力大、需求量多，希望相关企业强化科技支撑，延伸产业链条，提升产品附加值，逐步增强企业知名度和核心竞争力。伦掌镇焦家坟村在着力改善农村人居环境的同时，用心打造以体验农耕文化为主题的研学游活动基地，取得了村庄美、产业兴的效果，得到观摩团充分肯定。北关区观摩项目包括天茂广场（中国柏庄童装展示中心）项目、中信（安阳）年产8万吨针织面料示范园项目、中复连众风叶片二期项目和柏庄镇后万金村乡村振兴项目。天茂广场（中国柏庄童装展示中心）项目去年7月建成运营，吸引千余家企业入驻，是我市最大的纺织服装一站式采购批发基地。李公乐、袁家健带领观摩团成员深入项目基地，边走边看边问，围绕疫情防控、生产销售、品牌打造等与企业负责人深入交流。中信（安阳）年产8万吨针织面料示范园施工现场塔吊林立，机声轰鸣，一派繁忙景象。李公乐叮嘱项目负责人在做好疫情防控的前提下，加快施工进度，争取早竣工、早投产、早见效。在滑县，观摩团先后深入八里营镇肖冢上村乡村振兴项目、京煤滑州2×350兆瓦热电联产项目、德信（河南）电子二期项目、波司登年产1000万件羽绒服加工基地项目现场观摩。京煤滑州2×350兆瓦热电联产项目是滑县城区集中供热、供气项目，计划今年年底前建成投用。在详细了解项目进展情况后，李公乐叮嘱企业负责同志，在抓好项目高起点规划、高标准建设的同时，一定要严格履行环保责任，确保所有生产环节都实现超低排放。在波司登年产1000万件羽绒服扶贫基地项目现场，李公乐嘱咐企业负责人充分发挥骨干企业带动引领作用，吸纳更多贫困劳动力就地就近就业、稳定增收。内黄县观摩项目包括贝利泰二期绿色智能工厂项目、国际康复设备产业园项目、王野年产50万辆摩托车项目和中召乡碾子头村乡村振兴项目。刚刚点火投产的贝利泰二期绿色智能工厂车间内地面洁净如镜，偌大的生产车间里仅有几个工人在井然有序操作，彻底颠覆了观摩团成员对以往陶瓷车间粉尘多、噪音强、环境乱的印象。李公乐关切询问中美贸易摩擦、疫情防控等对企业的影响，鼓励企业负责同志积极开拓国内市场，加快企业上市步伐。在国际康复设备产业园项目现场，得知企业IPO相关工作正在紧张推进，目前已完成上市辅导、材料申报等步骤，李公乐十分高兴。他强调，上市对加快企业自身发展乃至加快当地经济发展都具有重大意义，要鼓励更多优秀企业到资本市场上市融资，推动安阳经济社会实现高质量发展。走进安阳县（示范区）白璧镇西裴村，宽敞的柏油路面平整干净，整齐漂亮的农家小院错落有致，街道两旁的文化墙上展示着乡风乡韵乡愁，一幅宜居宜游的美丽乡村画卷展现眼前。李公乐要求，要注重规划引领，抓实抓好试点建设，大力推进基础设施、文化设施建设，因地制宜发展产业，让群众在乡村振兴进程中感受到变化、得到实惠。在实地观摩华润新能源安阳永和250MW风电项目、北京以电新能源飞机项目、德力新能源汽车生产基地项目后，李公乐叮嘱相关企业负责同志，要加快推进项目全面开工复工，尽快形成批量生产能力，把疫情造成的损失降到最小。文峰区（高新区）观摩项目包括安阳古城南北城抢救性修复工程一期项目、复兴合力400万吨高延性冷轧带肋钢筋项目、国旅乔尚居家体验馆项目和宝莲寺镇乡村振兴项目。安阳古城南北城抢救性修复工程一期项目分两个阶段进行，分别为县前街段、竹竿巷至姚家胡同段修缮工程。观摩团一行深入修复后的院落实地查看，历经风霜的青砖灰瓦、苍劲古朴的枯藤老树、精巧复工的雕花窗棂，彰显着安阳古城独有的风貌韵味，使置身其中的观摩团成员感受到了跨越时空的历史芬芳。复兴合力400万吨高延性冷轧带肋钢筋项目总投资18.4亿元，计划建设40条生产线，达产后年产400万吨高延性冷轧带肋钢筋。该项目采用自主研发的生产工艺装备和技术，填补了我国生产细直径高强钢筋空白。目前，一号厂房建设完工，4条生产线正在联动调试，其他厂房正在加紧施工。汤阴县观摩项目包括东泰制药双氯芬酸类原料药项目、福建安井食品华北生产基地项目、甘源食品项目和白营镇北陈王村乡村振兴项目。福建安井集团是国家农业产业化重点龙头企业，刚刚投产的安井食品华北生产基地项目一期工程，与汤阴永达、众品等肉制品加工企业形成上下游配套产业，进一步完善了汤阴健康食品产业链条。河南东泰制药有限公司是专业从事医药中间体原料研发企业，其产品双氯芬酸类原料药被世界五大体系认证和国内GMP认证。目前，年产2000吨双氯芬酸类原料药生产线、合成车间生产线基本建设完成，附属设施调配安装工作有序推进。李公乐与项目负责同志亲切交谈，叮嘱相关部门要针对不同行业、企业采取差别化、精细化管控措施，对不同环保绩效的工业企业采取更加精准、更加科学的差异化应急减排措施，最大限度保证企业的生产效益。观摩活动结束前，观摩团成员认真填写了测评表。大家一致认为，这次观摩既是一次交流学习，又是一次集中检阅。通过观摩，增强了坐不住的紧迫感、等不起的责任感、慢不得的危机感，受到了触动，看到了不足，找准了定位，明晰了方向，坚定了信心，增添了干劲，达到了学习交流、解放思想、推动工作的效果。大家表示，要以此次集中观摩为契机，在打好疫情防控阻击战的同时，全力推进项目建设，着力抓好招商引资，为推动安阳高质量发展、实现全年经济社会发展目标任务加压奋进。（记者王慧敏李扬）O网页链接,,,,,1,3,5,2020-03-11 18:39,专业版微博,"['http://ww1.sinaimg.cn/large/c5c6cf5cly1gcq5t442cdj21a40u04qp.jpg', 'http://ww4.sinaimg.cn/large/c5c6cf5cly1gcq6batty5j21900u0npd.jpg', 'http://ww2.sinaimg.cn/large/c5c6cf5cly1gcq6bgyvdjj21900u0n2a.jpg']",,
4442552864837797,IhQZEkiwZ,2311077472,证券日报之声,【湖南证监局多矩阵推动辖区资本市场服务脱贫攻坚】近年来，湖南证监局通过加强扶贫培训、做好金融扶贫政策服务、引导上市公司对接产业扶贫项目、推进证券期货经营机构结对帮扶等举措，构筑起辖区资本市场服务脱贫攻坚的工作合力。据了解，湖南证监局大力推动市场主体根据自身产业特点和优势，在贫困地区开展多元化的产业对接和产业帮扶，不断增强贫困地区经济社会发展活力。例如，隆平高科充分发挥种业龙头优势，将贫困地区变为公司自身的制种基地，实现了7个村在2018年全部脱贫的目标。泰嘉股份为黑麋峰村积极对接企业资源，引入产业活水，获得村民的一致好评。大康农业将肉羊养殖产业和贫困地区结合起来，带动当地百姓就业致富。唐人神通过“农户+合作社+公司”的扶贫模式，为贫困地区提供源源不断的产业驱动力。同时，湖南证监局还鼓励市场主体因地制宜提供金融服务和融资支持，帮助企业解决融资难问题，为贫困地区当好金融参谋。例如，方正证券对安化县湖南金源新材料公司股权投资5000万元，帮助安化县湖南华晟生物能源公司引进生物质发电项目投资4000万元，为安化县湖南梅山资源开发有限责任公司承销发行公司债券7亿元；财富证券帮助古丈县湖南汉瑞新材料科技有限公司进行辅导改制。大有期货开展玉米、棉花、鸡蛋、橡胶、白糖5个“期货+保险”项目，涉及3个贫困县、近2万名农户，实现权利金1820万元，理赔近300万元。详情→O网页链接,,,,,0,1,0,2019-11-25 16:30,微博 weibo.com,['http://ww2.sinaimg.cn/large/89c03e60ly1g9ad0g9l6yj20e608c0t9.jpg'],,
4442415991130074,IhNqT4JZ0,6382802927,日喀则年麦,#早安，日喀则#【我市采取“六项”举措妥善处理桑珠孜区“光伏+生态设施农业”产业扶贫示范园项目欠薪问题】 2019年以来，桑珠孜区“光伏+生态设施农业”产业扶贫示范园项目欠薪问题较为突出，一定程度上影响了我市社会的和谐稳定，为此，日喀则市委、市政府高度重视，联席会议办公室主动落实牵头责任，采取“六项举措”，积极化解欠薪隐患，帮助1076名农民工追回拖欠工资2100万余，有效预防了突发性群体性事件的发生，确保了我市社会的和谐稳定。　　 一是领导高度重视。张延清副主席和刘虎山市长高度重视桑珠孜区“光伏+生态设施农业”产业扶贫示范园项目欠薪问题，多次作出指示批示，多次组织召开专题会议，要求桑珠孜区和相关部门要严格落实属地责任和行业监管责任，加大案件处置力度，帮助农民工拿回血汗钱，要坚决按照市委、市政府的统一部署，不折不扣的完成工作任务。 　　 二是加大督导检查。市人社局主动承担牵头抓总责任，召开局党组专题会议2次、局长办公会1次，就桑珠孜区“光伏+生态设施农业”产业扶贫示范园项目欠薪问题进行了专题研究；并联合相关单位，组成工作专班，5次深入桑珠孜区“光伏+生态设施农业”产业扶贫示范园项目开展欠薪隐患排查，督促加快处理欠薪问题，确保社会和谐稳定。    　　 三是加大协调沟通力度。针对桑珠孜区“光伏+生态设施农业”产业扶贫示范园项目欠薪问题，4次组织桑珠孜区相关工作人员召开座谈，研究解决方案，及时做好农牧民工的思想工作，确保案件不激化。同时建立联络员制度，加强信息沟通，进一步形成工作合力。 　　 四是建立定期汇报制度。下发督办通知3期，建立落实桑珠孜区“光伏+生态设施农业”产业扶贫示范园项目欠薪问题处理情况每周一汇报制度，督促桑珠孜区要进一步提高政治站位，加强部门配合，采取有效举措，坚决按照市委、市政府的统一部署，及时妥善解决欠薪问题。 　　 五是加大惩戒力度。进一步落实欠薪“黑名单”推送制度，将桑珠孜区“光伏+生态设施农业”产业扶贫示范园项目承建企业西藏岚泰农牧科技股份有限责任公司纳入欠薪“黑名单”管理，并依法依规实施联合惩戒。 　　 六是进一步优化劳动维权服务方式。在桑珠孜区“光伏+生态设施农业”产业扶贫示范园项目实地张贴劳动维权投诉举报电话，针对桑珠孜区“光伏+生态设施农业”产业扶贫示范园项目，实行“一站式”立案服务，建立当日立案制度，为农牧民工提供更加便捷服务。,,,,早安，日喀则,0,0,1,2019-11-25 07:26,三星android智能手机,,,
4438083149635054,IfYIqEqw6,6382802927,日喀则年麦,#日喀则身边事#【我市采取“六项”举措妥善处理桑珠孜区“光伏+生态设施农业”产业扶贫示范园项目欠薪问题 】 2019年以来，桑珠孜区“光伏+生态设施农业”产业扶贫示范园项目欠薪问题较为突出，一定程度上影响了我市社会的和谐稳定，为此，日喀则市委、市政府高度重视，联席会议办公室主动落实牵头责任，采取“六项举措”，积极化解欠薪隐患，帮助1076名农民工追回拖欠工资2100万余，有效预防了突发性群体性事件的发生，确保了我市社会的和谐稳定。　　 一是领导高度重视。张延清副主席和刘虎山市长高度重视桑珠孜区“光伏+生态设施农业”产业扶贫示范园项目欠薪问题，多次作出指示批示，多次组织召开专题会议，要求桑珠孜区和相关部门要严格落实属地责任和行业监管责任，加大案件处置力度，帮助农民工拿回血汗钱，要坚决按照市委、市政府的统一部署，不折不扣的完成工作任务。 　　 二是加大督导检查。市人社局主动承担牵头抓总责任，召开局党组专题会议2次、局长办公会1次，就桑珠孜区“光伏+生态设施农业”产业扶贫示范园项目欠薪问题进行了专题研究；并联合相关单位，组成工作专班，5次深入桑珠孜区“光伏+生态设施农业”产业扶贫示范园项目开展欠薪隐患排查，督促加快处理欠薪问题，确保社会和谐稳定。    　　 三是加大协调沟通力度。针对桑珠孜区“光伏+生态设施农业”产业扶贫示范园项目欠薪问题，4次组织桑珠孜区相关工作人员召开座谈，研究解决方案，及时做好农牧民工的思想工作，确保案件不激化。同时建立联络员制度，加强信息沟通，进一步形成工作合力。 　　 四是建立定期汇报制度。下发督办通知3期，建立落实桑珠孜区“光伏+生态设施农业”产业扶贫示范园项目欠薪问题处理情况每周一汇报制度，督促桑珠孜区要进一步提高政治站位，加强部门配合，采取有效举措，坚决按照市委、市政府的统一部署，及时妥善解决欠薪问题。 　　 五是加大惩戒力度。进一步落实欠薪“黑名单”推送制度，将桑珠孜区“光伏+生态设施农业”产业扶贫示范园项目承建企业西藏岚泰农牧科技股份有限责任公司纳入欠薪“黑名单”管理，并依法依规实施联合惩戒。 　　 六是进一步优化劳动维权服务方式。在桑珠孜区“光伏+生态设施农业”产业扶贫示范园项目实地张贴劳动维权投诉举报电话，针对桑珠孜区“光伏+生态设施农业”产业扶贫示范园项目，实行“一站式”立案服务，建立当日立案制度，为农牧民工提供更加便捷服务。,,,,日喀则身边事,0,0,1,2019-11-13 08:29,三星android智能手机,,,
4432331584564759,Idz5Ij9v9,2883169092,陕西农村报,【三原县陵前镇政企合力打好精准扶贫“组合拳”】10月24日，走进三原县陵前镇甘涝村，一排排整齐的红叶石楠如标兵一样映入眼帘，一棵棵海棠枝繁叶茂，一片片错落有致的白皮松迎风挺立，这就是甘涝村龙泽林源生态农业基地，也是该镇脱贫攻坚路上的模范标兵。　　“我们富起来不算啥，要让大家都富起来才是关键，我们要给群众做示范、带领贫困群众共同致富。”陕西龙泽林源生态农业发展有限公司总经理薛雁冰说。　　3年前，甘涝村还是以小麦、玉米等单一粮食作物为主的小乡村，陵前镇党委书记李鹏引进陕西龙泽林源生态农业发展有限公司，在甘涝村沟坡地带建设龙泽林源生态农业基地，项目总投资8.5亿元，规划占地1万亩，主要种植高端景观绿化苗木，花卉区种植法国大叶薰衣草、玫瑰、荷兰郁金香等，精品果树区主要种植大樱桃、车厘子等优良樱桃品种。　　据悉，该项目已带动甘涝村26户贫困户参与土地流转，甘涝村、肖家村、墩台村5个村贫困户60余人在此务工。项目建成后，将吸纳全镇更多的贫困户参与入股分红，以优势产业、优势资源带动陵前镇产业结构升级，打造产业就业扶贫基地，带动贫困群众增收，为振兴旱腰带地区、发展农村经济起到示范带动作用。　　近年来，陵前镇引进龙泽林源、友浪泳池、恒兴泰等大型企业，通过政企合力，政府发挥政治、制度优势，负责项目审批、土地协调、基础配套、数据统计，确保帮扶资源精准对接建档立卡贫困户；企业管理团队，发挥决策执行效率高的特点，负责项目执行管理，确保按计划快速推进，达到双方共赢的效果，政企之间各司其职，形成强大合力，有效推动了镇区发展、壮大了村集体经济、带动了贫困户致富。（贺静记者张恒）,,,,,0,0,0,2019-10-28 11:34,360安全浏览器,,,
4405969557390206,I2vijv0wS,6811119654,泸州市林业,全民治沙，内蒙古的底色由黄渐绿中国林业网前天　　内蒙古是中国荒漠化面积较大、分布较广、危害最严重的省份之一，“沙进人退”是不堪回首的历史。　　几十年全民治沙，代代传承，内蒙古成为全国治沙成效最显著的省份之一。　　全国第五次荒漠化和沙化土地监测结果和第四次监测相比，内蒙古荒漠化土地减少625万亩、沙化土地减少515万亩，减少面积均居全国首位。　　面对恶劣的自然条件和脆弱的生态环境，内蒙古依托国家重大生态工程，坚持科技治沙，转变生产方式，走出了一条由黄渐绿的治沙路。　　治沙是全民的事业　　驱车穿行于赤峰市敖汉旗南北，村庄与大山俱被绿色覆盖，已看不出昔日黄沙漫天的模样。　　曾经的敖汉旗，土地沙化严重，全旗沙漠化土地259万亩，沙区面积占总土地面积的一半。“流沙区的沙丘会打滚，沙坨能长腿。”敖汉旗三义井林场场长陈明川说，“农民房子晚上睡觉时好好的，第二天早上流沙堆满窗台，顺着窗缝就能流到炕上。”　　上世纪80年代中期，敖汉旗委旗政府痛下决心，组织全旗开展治沙大会战行动。5任书记、5任旗长，植树造林从未懈怠。　　敖汉旗有近60万人，其中50万人进了荒山荒漠，他们套上驴车，拉上干粮和行李，一年干三季，入冬才歇工。　　“在北部流沙区，把豆秸铺在沙丘上，下面撒上草籽。第二年蒿草成活，一棵一棵移栽在沙丘上，再在上面种柳树。在南部山区，植树前要开展小流域治理，先挖大坑，坑里再挖一个小坑……”对长期奋斗在治沙一线的陈明川来说，这些都是在失败中摸索出的经验。　　如今的敖汉旗是国家级林业科技示范县、中国人工造林第一县、中国再造秀美山川先进旗、全球环境500佳。　　敖汉只是一个缩影，对于荒漠化土地占全区总面积的51.50%、沙化土地占全区总面积34.48%的内蒙古来说，经济想要发展，首要问题就是治沙。　　2000年以来，国家相继实施了天然林保护、退耕还林、京津风沙源治理、三北防护林体系建设等六大林业生态重点工程，内蒙古成为“六大工程”全部覆盖的唯一省区。　　2018年，内蒙古完成营造林1295万亩，全区森林面积由2013年的3.73亿亩增加到2018年的3.92亿亩，森林覆盖率由21.03%提高到22.1%。　　科技治沙，从粗放走向精细　　在库布其，种一株沙柳需要多久？　　答案是10秒。　　用水管竖着往沙地一冲，一个沙坑就出现了。治沙达人张喜旺赶忙把一棵长约1米的沙柳苗种进去，浇水、夯实，只露出10厘米左右的苗头。用这个方法，10秒钟就可以种一棵树，成活率能达到90%以上，两个人一天能种40亩。　　在长期的实践中，依托科技创新，库布其人还探索创新出苦咸水治理与综合利用、飞播与无人机治沙、生物基可降解聚乳酸沙袋沙障等一系列新技术、新成果。　　站在库布其沙漠中段达拉特旗银肯敖包上极目远眺，沙区新景尽收眼底。金黄色的沙丘绵延起伏，脚下和远方是大片大片的绿色植被，将近20公里宽的沙海一分为二。　　“库布其沙漠呈东西狭长分布，我们在沙漠南北边缘地带建起长200多公里，南北宽3-5公里的乔、灌、草与带、网、片相结合的绿色防风固沙体系。”达拉特旗林业和草原局副局长郭建忠介绍说。　　先易后难，由近及远，锁边切割，分区治理，整体推进，库布其人在长久的实践中探索出一套行之有效的治理原则。　　治沙不停，创新不止。面对不断扩张的沙海，内蒙古各地独创妙招，以飞播造林、穿沙公路、以水治沙等治理模式，从大密度造林到量力而行，从“用力过猛”到“打蛇七寸”，治沙逐渐从粗放式走向精细化。　　不毛之地变绿色银行　　盛夏，进入锡林郭勒盟多伦县去往京津风沙源百万亩樟子松项目基地的路上，是漫山遍野的樟子松，已经看不到成片的沙地。　　张青家的130亩林地就在这里。　　在多伦县林业局，有一家林权服务中心，能让农民的林地实现资源到资产、资产到资本的转变。产权明晰带来的好处是，到规定年限，除按林业规划要求保留的部分外，其余的造林者可以自由处置买卖，凭借林权证还能获得贷款。　　家住大河口乡的张青，130亩林地评估出62万元，又靠林权证贷款30万元，盖了8间房子，还买了沙滩摩托搞旅游，65岁的他日子过得红火。　　在多伦县，像张青这样的农民很多，这里的农民人均纯收入的40%来自林业。　　不毛之地成了绿色银行，这样的事儿在内蒙古并不少见。　　达拉特旗的风水梁，曾是一片沙海，没有人家。东达集团在此建了一座扶贫小镇，为农牧民免费提供住房、獭兔饲舍，订单回收出栏獭兔。农牧民不承担经营风险，还可以将土地租给企业，种植沙柳等沙生植物。　　在这里，盐店村贫困户徐锁小养殖了2000只獭兔，再给企业打点零工，现在年收入可达10万元。他家撂荒的土地也由企业承包，种满了沙柳、沙蒿、杨柴等植物。　　2018年，阿拉善盟阿拉善左旗吉兰泰镇哈图呼都格嘎查牧民郭新军，靠着销售肉苁蓉纯收入达到10多万元，而过去放牧时全家年收入仅2万元左右。　　沙漠治理是一项难度高、投资大、周期长、见效慢的系统工程。可当政府、企业、群众在产业链条的带动下凝聚合力后，沙漠将会产生更大的效益。　　漫漫黄沙，不治，它是害，治了，它就是利；不治，它是沙子，治好了，它就是金子。绿富同兴，内蒙古走出了一条由黄渐绿的“涅槃”之路。,,,,,0,0,0,2019-08-16 17:41,专业版微博,,,
4400405754544668,I0ayrj4h6,5828261865,南京中方信富,#股市大事件，股民早知道##今日猛料#微信公众号关注“股民俱乐部”获取更多精彩内容！猛料丨8月1日（周四）股市猛料必看一、要闻精选新华社：7月30至31日，第十二轮中美经贸高级别磋商在上海举行。双方按照两国元首大阪会晤重要共识要求，就经贸领域共同关心的重大问题进行了坦诚、高效、建设性的深入交流。双方还讨论了中方根据国内需要增加自美农产品采购以及美方将为采购创造良好条件。双方将于9月在美举行下一轮经贸高级别磋商。主席主持中共中央政治局第十六次集体学习时强调，要强化使命担当，强化系统集成，强化创新突破，强化军地合力，进一步统一思想和行动，凝心聚力实施改革强军战略，把新时代强军事业不断推向前进。央行：银行信贷结构调整优化要重点做好以下工作。提高制造业中长期贷款和信用贷款占比。继续做好小微企业金融服务。保持个人住房贷款合理适度增长，严禁消费贷款违规用于购房，加强对银行理财、委托贷款等渠道流入房地产的资金管理。加强对存在高杠杆经营的大型房企的融资行为的监管和风险提示。加大对现代服务业、乡村振兴、金融扶贫等国民经济重点领域和薄弱环节的信贷支持等。上交所副总经理阙波：设立科创板并试点注册制改革工作顺利推进，目前共受理149家企业提交的上市申请，其中39家已召开上市委会议。科创板发行定价情况符合预期，除了首批25家以外，又有3家公司完成发行定价。首批25家科创板企业上市交易平稳有序，市场活跃度高，市场博弈充分。国务院办公厅：印发《治理高值医用耗材改革方案》，要求完善价格形成机制，降低高值医用耗材虚高价格。取消医用耗材加成，取消公立医疗机构医用耗材加成，2019年底前实现全部公立医疗机构医用耗材“零差率”销售，高值医用耗材销售价格按采购价格执行。建立高值医用耗材基本医保准入制度。美联储：宣布降息25个基点，这是2008年金融危机以来美联储的首次降息行动。美联储主席鲍威尔表示，此次降息属于政策中段的调整，降息是出于对美国经济的保护；目前的降息并非必然是宽松周期的开始，不要设想我们不会再次加息。美国总统特朗普表示，市场需要漫长的降息周期，美联储主席鲍威尔的降息幅度“让我们失望”。统计局：7月，制造业PMI49.7，环比提高0.3个百分点，低于去年同期1.5个百分点；非制造业PMI53.7，环比回落0.5个百分点，低于去年同期0.3个百分点。外管局：6月，我国国际收支口径的国际货物和服务贸易收入15691亿元，支出13073亿元，顺差2618亿元。其中，货物贸易顺差3972亿元；服务贸易逆差1354亿元。央行：决定增加支小再贷款额度500亿元，重点支持中小银行扩大对小微、民营企业的信贷投放，发挥精准滴灌作用，引导降低社会融资成本。服务基层、服务实体且符合宏观审慎要求的银行，借用支小再贷款后能够增加小微、民营企业信贷投放的，可向当地人民银行分支行申请支小再贷款。国企改革“双百企业”扩围，本次“双百行动”新增试点单位共有48家，新增多家A股上市公司例如：宝钢包装、中色股份、振华重工、农发种业、上海医药、海立股份、新筑股份等。国家电网、中国中车、宝武集团、五矿集团等改革试点央企则有多家子公司纳入新增的“双百行动”名单。二、事件驱动1、国务院常务会议确定促进文化和旅游消费景点旅游行业迎来新契机公司方面，九华旅游（603199）、宋城演艺（300144）2、海绵城市行业国标施行在即产业将迎提质增效新机遇A股上市公司中，青龙管业（002457）、巴安水务（300262）3、八部委推动四好农村路高质量发展加速基建补短板相关上市公司，中公高科（603860）、设研院（300732）4、谷歌手势操控技术实现应用将带来智能终端革命公司方面，数码科技（300079）、华平股份（300074）、苏州固锝（002079）三、个股点金◆科信技术：拟350万欧元收购Fi-SystemsOy100%股份◆上港集团：上半年净利43.73亿元同比增29%◆晶瑞股份：拟2亿元投建年产5.4万吨微电子材料及循环再利用项目◆合力泰：拟在莆田投资高端TFT显示模组、柔性OLED显示模组等项目◆红太阳：全资孙公司年产1万吨咪鲜胺项目取得环评批复◆克来机电：上半年净利同比增63%◆彩虹股份：子公司与日本企业设合资公司推进显示面板相关技术研发◆金卡智能：与杭州市燃气签署战略合作协议◆朗迪集团：拟收购集成电路企业甬矽电子部分股权◆恒瑞医药：SHR-1316注射液获得临床试验通知书,,,,"股市大事件，股民早知道,今日猛料",0,0,0,2019-08-01 09:12,微博 weibo.com,['http://ww2.sinaimg.cn/large/006mqN9Dgy1g5jwqb0f8oj30p00dwmzo.jpg'],,
4389661004964704,HBCuwkPxS,3500618431,泰国头条新闻,#泰国华人头条#【驻泰国使馆举办中泰建交44周年庆祝活动】　7月1日，驻泰国使馆举办中泰建交44周年庆祝活动，邀请泰国前副总理、泰中文化促进委员会会长披尼，泰国前副总理、泰中友好协会会长功，泰国中华总商会主席陈振治，华裔联合会主席蚁凡，以及泰中经济文化协会代表，工商、教育、媒体界友好人士、华人华侨等150人出席。　　吕健大使发表了题为“回顾历史，走向未来：新时代的中泰关系”主题演讲。吕大使表示，44年来，在中泰两国领导人的亲自关心和引领下，两国关系取得长足发展，两国人民守望相助、心手相连，“中泰一家亲”的传统友谊历久弥新。中泰关系呈现出全方位、宽领域、深层次、立体化的蓬勃发展格局。吕健大使指出，随着中国特色社会主义进入新时代，泰国迈入曼谷王朝十世王时期，两国分别进入本国重要发展阶段，两国关系面临新的重要机遇。与此同时，当前世界处于百年未有之大变局，逆全球化、单边主义和保护主义抬头，给世界经济和国际关系带来消极影响。但中方始终坚信，全球化和多边主义的时代潮流不可逆转，各国共同发展的合作趋势不可改变。吕健大使强调，我们有信心、有决心、有能力把握住历史机遇，在习近平外交思想指导下着力将中泰关系打造成为不同社会制度国家关系的典范，全面提升中泰务实合作质量和水平，在推进互联互通、产能合作等“硬件”合作的同时，更加重视和推动治国理政经验交流、扶贫环保、教育培训等“软件”合作，合力将泰国打造成对接“一带一路”倡议、推进区域合作的地区枢纽和重要平台，支持泰国作为东盟轮值主席国发挥更大作用，推进东亚经济共同体建设进程，推动年内完成RCEP谈判，让中泰全面战略合作伙伴关系给两国和地区人民带来更大福祉。　本次庆祝活动使馆首次同时邀请长期支持、推动中泰友好交流和经济合作的泰三大民间组织——泰中文化促进委员会、泰中经济文化协会和泰中友好协会共同出席，中泰方嘉宾欢聚一堂，深情回顾两国交往历程，共同展望美好未来。嘉宾们热烈祝贺中泰建交44周年、中国共产党成立98周年和新中国成立70周年，从不同角度讲述了对中国共产党领导下取得的发展成就的钦佩和对中泰友谊的赞许与期待，强调习近平主席提出的“一带一路”倡议惠及泰国等众多国家和地区，泰方将更积极深入参与。首次应邀参加庆祝活动的泰国年轻侨领代表表示，愿继承先辈事业，将中泰友好世代传承下去。（摘自使馆网站）,,,,泰国华人头条,1,0,8,2019-07-02 17:36,专业版微博,"['http://ww1.sinaimg.cn/large/d0a732bfgy1g4lmnvd2cbj20m80etgxa.jpg', 'http://ww3.sinaimg.cn/large/d0a732bfgy1g4lmnve4d0j20m80esk20.jpg', 'http://ww2.sinaimg.cn/large/d0a732bfgy1g4lmnv9302j20m80es7dw.jpg', 'http://ww2.sinaimg.cn/large/d0a732bfgy1g4lmnw1pq4j20m80etalo.jpg', 'http://ww2.sinaimg.cn/large/d0a732bfgy1g4lmnvszlnj20m80ettmw.jpg', 'http://ww2.sinaimg.cn/large/d0a732bfgy1g4lmnvpnk4j20m80etk6f.jpg']",,
4389636686502177,HBBRirhvP,5704916395,泰国网,#使馆新闻#【驻泰国使馆举办中泰建交44周年庆祝活动】据中国驻泰使馆消息，7月1日，驻泰国使馆举办中泰建交44周年庆祝活动，邀请泰国前副总理、泰中文化促进委员会会长披尼，泰国前副总理、泰中友好协会会长功，泰国中华总商会主席陈振治，华裔联合会主席蚁凡，以及泰中经济文化协会代表，工商、教育、媒体界友好人士、华人华侨等150人出席。　　吕健大使发表了题为“回顾历史，走向未来：新时代的中泰关系”主题演讲。吕大使表示，44年来，在中泰两国领导人的亲自关心和引领下，两国关系取得长足发展，两国人民守望相助、心手相连，“中泰一家亲”的传统友谊历久弥新。中泰关系呈现出全方位、宽领域、深层次、立体化的蓬勃发展格局。吕健大使指出，随着中国特色社会主义进入新时代，泰国迈入曼谷王朝十世王时期，两国分别进入本国重要发展阶段，两国关系面临新的重要机遇。与此同时，当前世界处于百年未有之大变局，逆全球化、单边主义和保护主义抬头，给世界经济和国际关系带来消极影响。但中方始终坚信，全球化和多边主义的时代潮流不可逆转，各国共同发展的合作趋势不可改变。吕健大使强调，我们有信心、有决心、有能力把握住历史机遇，在习近平外交思想指导下着力将中泰关系打造成为不同社会制度国家关系的典范，全面提升中泰务实合作质量和水平，在推进互联互通、产能合作等“硬件”合作的同时，更加重视和推动治国理政经验交流、扶贫环保、教育培训等“软件”合作，合力将泰国打造成对接“一带一路”倡议、推进区域合作的地区枢纽和重要平台，支持泰国作为东盟轮值主席国发挥更大作用，推进东亚经济共同体建设进程，推动年内完成RCEP谈判，让中泰全面战略合作伙伴关系给两国和地区人民带来更大福祉。本次庆祝活动使馆首次同时邀请长期支持、推动中泰友好交流和经济合作的泰三大民间组织——泰中文化促进委员会、泰中经济文化协会和泰中友好协会共同出席，中泰方嘉宾欢聚一堂，深情回顾两国交往历程，共同展望美好未来。嘉宾们热烈祝贺中泰建交44周年、中国共产党成立98周年和新中国成立70周年，从不同角度讲述了对中国共产党领导下取得的发展成就的钦佩和对中泰友谊的赞许与期待，强调习近平主席提出的“一带一路”倡议惠及泰国等众多国家和地区，泰方将更积极深入参与。首次应邀参加庆祝活动的泰国年轻侨领代表表示，愿继承先辈事业，将中泰友好世代传承下去。O网页链接,,,,使馆新闻,2,0,6,2019-07-02 16:00,微博 weibo.com,"['http://ww1.sinaimg.cn/large/006e5fmzgy1g4lil13cpnj30m80etgxa.jpg', 'http://ww2.sinaimg.cn/large/006e5fmzgy1g4lil128oej30m80esdq0.jpg', 'http://ww2.sinaimg.cn/large/006e5fmzgy1g4lil5c784j30m80esk20.jpg', 'http://ww2.sinaimg.cn/large/006e5fmzgy1g4lil5g3szj30m80etalq.jpg', 'http://ww2.sinaimg.cn/large/006e5fmzgy1g4lil5nbeaj30m80es7dw.jpg', 'http://ww4.sinaimg.cn/large/006e5fmzgy1g4lil5xif0j30m80etalo.jpg', 'http://ww3.sinaimg.cn/large/006e5fmzgy1g4lil5vpyzj30m80ettmw.jpg', 'http://ww3.sinaimg.cn/large/006e5fmzgy1g4lil5z8g4j30m80etk6f.jpg']",,
4372218643930451,HuiJGguun,5603075231,泰安发布,【第三届中国国际茶叶博览会开幕，泰山茶组团参展！40多家泰山茶企、50多个品牌惊艳亮相！】中国的茶文化可以说是源远流长。炎炎夏日，沏一杯茗茶，无疑是十分惬意的享受。人间天堂，茶香八方，为了展示中国茶文化和茶产业的发展，由农业农村部和浙江省人民政府主办的第三届中国国际茶叶博览会，今天上午在G20杭州峰会主会场-杭州国际博览中心开幕，泰安市农业农村局组织泰山茶企组团参加本次茶博会。为了让电视机前的观众更好地了解此次茶博会，我们泰安市广播电视台特派记者将全程参与、报道泰山茶参展情况。本次茶博会以“茶和世界，共享发展”为主题，以深入实施乡村振兴战略、助力精准扶贫为主线，以塑强品牌和促进产销对接为重点，全面展示新中国成立70年来我国茶产业发展成就，展示交流新品种、新技术、新设备、新业态。展会展览面积7万平方米，共设置国际标准展位3125个，共有来自包括中东欧成员国和观察员、主宾国加纳，以及土耳其、越南等总计17个国家的部长级领导参会，总计共有36个国家和区域的外宾出席。在杭州国际博览中心，第三届中国国际茶叶博览会的现场，记者看到，带有浓郁泰山特色的泰山茶特装展位格外引人注目。据了解，泰安市农业农村局组织有关产茶县市区主管部门、泰山茶叶协会及泰山茶企等100余人参加展会，租赁90平米场地，统一布展，40多家泰山茶企的50多个品牌集中亮相提升泰山茶知名度、美誉度，集中宣传推介泰山茶。五岳独尊、迎客松，古色古香的泰山茶展位将泰山文化与茶文化有机结合，泰山女儿茶、泰山君子茶、泰顶青茶等众多泰山茶品牌登台亮相，引得广大喝茶爱好者纷纷驻足品尝，流连忘返。泰山津青茶业有限公司董事长魏传坤说：“以往我们都是各自展示自己品牌，今年我们四十多家企业在农业农村局的大力支持下抱团宣传，合力打响泰山茶品牌，争取早日把泰山茶推向全国乃至世界。”本届茶博会立足全国、放眼世界，注重营销推介知名茶叶品牌。泰山茶，以“国山圣水，生态茶乡”为核心品牌价值，产品品质堪称北茶至尊，还占据“禅茶一味”的茶道祖庭文化。泰安市东兴农业有限公司经理孙衍鹏告诉记者，茶博会举行了三届，他跟着市农业农村局参加了三届，通过茶博会让他们这些茶商增长了见识，开阔了眼界，增加了与茶叶同行的交流，也让泰山君子茶品牌知名度有了很大的提升。,,,,,0,0,2,2019-05-15 14:26,政务直通车,"['http://ww2.sinaimg.cn/large/006TgA3jly1g31zhfx847j30hs0bwab9.jpg', 'http://ww4.sinaimg.cn/large/006T81Pwly1g31zhgffkej30hs0dcmy4.jpg', 'http://ww1.sinaimg.cn/large/006TgRYUly1g31zhga0z7j30hs0e7myn.jpg', 'http://ww4.sinaimg.cn/large/006T81Pwly1g31zhfyt6dj30hs0klab7.jpg', 'http://ww1.sinaimg.cn/large/006TgRYUly1g31zhg44oaj30hs0dcq49.jpg', 'http://ww2.sinaimg.cn/large/006T82Jzly1g31zhfyh8ej30hs0d0gmp.jpg', 'http://ww1.sinaimg.cn/large/006UusoAly1g31zhgfeclj30hs0npmzw.jpg']",,
4359817101181716,Hp67c4XpW,5213230270,股市涨停风云,个股利好：信息发展拟10转7派0.3；盛通股份拟10转7；江阴银行拟10送2派0.5；洪汇新材拟10派10；穗恒运A、盈峰环境、岭南控股、丰乐种业一季报大幅预增；深深房A一季报扭亏为盈；中国铁建中标逾30亿元工程项目；大商股份签订16.5亿元总承包工程合同；海陆重工中标1.7亿元光伏扶贫电站建设项目；绿茵生态中标1.12亿元合同；金智科技中标6313万元模块化变电站项目。个股利空：一汽夏利、深南电A、西安饮食、友迅达一季报预亏；苏常柴A、英力特、金盾股份、翰宇药业、戴维医疗、宝莱特一季报预降；昂立教育年报预亏；音飞储存终止收购南京华德100%股权；海越能源存在重大会计差错更正，被出具警示函；刚泰控股、神雾节能将被ST；三七互娱、申通快递、飞乐音响、赫美集团、ST新梅股东减持；广汽集团、诚迈科技、鄂武商A、凤形股份、合力泰、新天药业、星网锐捷、建科院、天成自控、奥联电子、天泽信息、永安药业、欧浦智网、精研科技股东拟减持。,,,,,0,0,0,2019-04-11 09:07,360安全浏览器,,,
4359813863404754,Hp61YehJo,2177211932,金银华x,#今日解盘##股市#关注个股利好，仅仅提供参考，主意自己拿，风险自己担：信息发展拟10转7派0.3；盛通股份拟10转7；江阴银行拟10送2派0.5；洪汇新材拟10派10；穗恒运A、盈峰环境、岭南控股、丰乐种业一季报大幅预增；深深房A一季报扭亏为盈；中国铁建中标逾30亿元工程项目；大商股份签订16.5亿元总承包工程合同；海陆重工中标1.7亿元光伏扶贫电站建设项目；绿茵生态中标1.12亿元合同；金智科技中标6313万元模块化变电站项目。回避个股利空：一汽夏利、深南电A、西安饮食、友迅达一季报预亏；苏常柴A、英力特、金盾股份、翰宇药业、戴维医疗、宝莱特一季报预降；昂立教育年报预亏；音飞储存终止收购南京华德100%股权；海越能源存在重大会计差错更正，被出具警示函；刚泰控股、神雾节能将被ST；三七互娱、申通快递、飞乐音响、赫美集团、ST新梅股东减持；广汽集团、诚迈科技、鄂武商A、凤形股份、合力泰、新天药业、星网锐捷、建科院、天成自控、奥联电子、天泽信息、永安药业、欧浦智网、精研科技股东拟减持。外盘消息：昨夜美股收高，道指上涨0.03%，纳指上涨0.69%，标普上涨0.35%，欧洲主要国家股市涨跌互现。纽约原油期货上涨0.64美元，涨幅为1.0%，收于每桶64.62美元；纽约黄金期货上涨5.60美元，涨幅为0.40%，收于每盎司1313.90美元。,,,,今日解盘,0,0,0,2019-04-11 08:54,360安全浏览器,,,
4343619052360715,HiiJj9U83,3809988617,大理住建,大理州城乡规划委员会2019年第1次项目审查会议规划公示大理州城乡规划委员会于2019年1月31日召开了2019年第1次项目审查会议，审查了大理市、云龙县、巍山县、宾川县上报的6个项目，听取了大理市上报的3个项目的规划情况。现将有关情况进行公示，公示期5天。一、云龙县新增易地扶贫搬迁项目县城福堂安置点审查内容：修建性详细规划审查决议：（一）此项目是易地扶贫搬迁的重大项目，在修改完善以下内容的前提下，原则同意所报修建性详细规划，项目修改完善情况和审批资料报州规委办公室备案：1.云龙县要明确用地调整方案，完善用地相关手续；要落实周边交通等公共基础设施配套。2.项目规划建设必须符合防洪、泥石流、地质灾害等安全防护要求和生态保护要求，必须进行洪水影响评价、洪水安全复核。3.要按照交通影响评价审查意见修改完善项目动静态交通组织。（二）建议进一步修改完善以下内容：1.要尽快完善城市总体规划调整和片区控制性详细规划编制报批工作；2.优化道路断面设计，满足道路交通安全和通行需求。3.结合地方民族传统配套文化传习所、文化活动室等设施。4.优化总平面布局，提升项目品质和片区景观，建筑在满足消防、日照间距的前提下尽量集中布局，节约集约用地，预留生产用地和发展用地；公共服务配套在临江和中部三角地块集中设置。（三）州水务局、州住建局、州交通运输局、州国土资源局等州级部门要切实加强对项目的帮助指导，合力推进项目实施。二、云龙县丰瑞佳园审查内容：修建性详细规划审查决议：（一）在修改完善以下内容的前提下，原则同意所报修建性详细规划，项目修改完善情况和审批资料报州规委办公室备案：1.云龙县要尽快完善城市总体规划调整和片区控制性详细规划编制报批工作。2.建筑密度、绿地率等指标必须符合规划设计条件要求；区内道路、地下车库设置、计算标准等必须符合《大理州城市建设项目规划管理技术规定》等规范要求；要按照交通影响评价审查意见修改完善动静态交通组织。3.项目规划建设必须满足消防、安全疏散等要求。（二）要严格执行约定的开工时间、竣工时间，项目必须在2020年3月前完成建设。三、巍山县福泉小院审查内容：修建性详细规划审查决议：（一）在修改完善以下内容的前提下，原则同意所报修建性详细规划，项目修改完善情况和审批资料报州规委办公室备案：1.巍山县要完成巍山古城保护详细规划编制和报批。2.要严格执行赵进士故居、等觉寺等文物保护要求，赵进士故居修缮利用要进行专项设计和研究。3.项目规划建设必须符合历史文化名城保护、消防安全、四邻退让要求，尽端道路要设置消防车回车场。4.项目要按照《云南省住房和城乡建设厅关于加强城镇小区公共服务设施建设管理的指导意见》等规定配套完善公共服务设施。（二）要严格执行约定的开工时间、竣工时间，项目必须在取得施工许可手续之日起1年内完成建设。（三）建议进一步修改完善以下内容：1.停车位以设置片区集中停车设施为主，尽量减少地下空间开挖。2.绿化以乔木种植为主，尽量减少草坪设置。四、巍山县泰业首府项目审查内容：修建性详细规划审查决议：（一）巍山县要尽快梳理、调整完善古城保护规划及保护详细规划、城市总体规划、控制性详细规划等各层级规划，明确各规划之间关系，确保规划之间相互一致。（二）在修改完善以下内容的前提下，原则同意所报修建性详细规划，项目修改完善情况和审批资料报州规委办公室备案：1.项目建筑高度、风格等须符合《巍山历史文化名城保护规划》和文物保护相关要求。2.项目要按照交通影响评价审查意见修改完善动静态交通组织。3.项目要按照《云南省住房和城乡建设厅关于加强城镇小区公共服务设施建设管理的指导意见》等规定和片区控制性详细规划要求配套完善垃圾站等公共服务设施。4.建筑间距、建筑退让用地界线距离必须符合《大理州城市建设项目规划管理技术规定》要求。（三）要严格执行约定的开工时间、竣工时间，项目必须在取得施工许可手续之日起3年内完成建设。（四）建议进一步修改完善以下内容：1.从城市更新和风貌提升考虑，建议整合项目东侧用地统筹进行规划建设。2.优化项目平面布局和立面设计，增加内部集中绿化景观，临街设置商业综合体、会所、社区服务等公共服务配套，尽量减少多单元大面宽建筑和平屋顶设置。五、宾川县惠丰公园1号审查内容：修建性详细规划审查决议：（一）在修改完善以下内容的前提下，原则同意所报修建性详细规划，项目修改完善情况和审批资料报州规委办公室备案：1.宾川县要尽快完成片区控制性详细规划编制和报批。2.项目要按照交通影响评价审查意见修改完善动静态交通组织。（二）要严格执行约定的开工时间、竣工时间，项目必须在2020年3月前完成建设。（三）建议进一步修改完善以下内容：1.公共服务设施尽量设置在项目中部位置。2.优化项目平面布局和立面设计，提升中央景观，突出景观轴线，丰富临街商业建筑立面，减少平屋顶，加强临城市道路的绿化景观营造。六、大理市龙悦华府东地块审查内容：修建性详细规划审查决议：（一）在修改完善以下内容的前提下，原则同意所报修建性详细规划，项目修改完善情况和审批资料报州规委办公室备案：1.要完善控制性详细规划和规划设计条件调整手续。2.项目要按照控制性详细规划要求和《云南省住房和城乡建设厅关于加强城镇小区公共服务设施建设管理的指导意见》等规定配套完善公共服务设施。3.项目规划建设必须符合消防、安全疏散等要求。4.东、西地块建筑密度、容积率、绿地率、停车位等综合指标必须满足规划设计条件综合指标要求。（二）要严格执行约定的开工时间、竣工时间，项目必须在取得施工许可手续之日起4年内完成建设。（三）立足于把此项目作为大理城区具有标志性和示范引领性的城市综合体这一目标，建议进一步优化整体项目的平面布局和立面设计，提升主界面景观，丰富临街立面，优化建筑立面、色彩、屋顶设计，对整体项目建筑色彩、超高层外立面方案进行多方案优选。七、此次规委会还听取了大理核桃综合产业园核桃加工生产线项目修建性详细规划、龙山商务大厦规划设计方案、532901101012GB00051号宗地（上关水厂取水泵站）规划设计条件的汇报。根据《大理州城乡规划委员会工作规程》，此3个项目不属于州规委审查范围，提出以下建议供大理市、经开区参考：（一）大理核桃综合产业园核桃加工生产线项目修建性详细规划1.大理市要做好城市总体规划、片区控制性详细规划的调整维护。2.要完善土地相关手续。3.项目业态、规划建设、运行管理要符合环保、洱海保护要求，地块内水渠改道要满足防洪安全要求。4.落实楚大高速公路边沟、北侧输油管道位置，建（构）筑物退让高速公路、输油管道距离要满足规定要求。5.优化动静态交通组织和立面设计，调减出入口，优化内部货运交通流线、道路断面设计、对外建筑界面设计，加强临高速路绿化隔离，营造良好的景观氛围。6.按照《大理州城镇建设项目交通影响评价实施办法》进行交通影响评价，按评价意见优化交通组织。7.约定项目开工、竣工时间和违反处置措施，严格执行约定内容。（二）龙山商务大厦规划设计方案1.大理市要做好城市总体规划、片区控制性详细规划的调整维护。2.项目地下停车库及地下车库出入口占用用地范围外公园绿地及地下空间要征求权属部门意见。3.项目规划建设要满足消防、人防、抗震设防要求；要处理好四至退让关系，确保进村道路通畅。4.要约定项目开工、竣工时间和违反处置措施，严格执行约定内容。（三）532901101012GB00051号宗地（上关水厂取水泵站）规划设计条件1.大理市要做好镇总体规划的调整维护，尽快完成片区控制性详细规划的编制审批。2.核对与生态保护红线关系。3.落实与喜洲水厂泵站用地范围关系，合理确定用地范围和面积，避免形成零星用地。4.绿地率按不小于35%控制，并尽量增加绿化覆盖率。大理州城乡规划委员会办公室2019年2月25日,,,,,0,0,1,2019-02-25 16:22,360安全浏览器,,,
4331176120264460,Hd52416Nu,2076166751,魅力睢阳,【新时代新作为新篇章】督导回访：勒马乡2018年，勒马乡党委、政府紧紧围绕区委、区政府“三年大变、五年巨变”跨越发展目标，践行“马上办抓落实”工作机制，坚持以党建工作为统领，强力推进各项重点工作的开展，较好地完成了年度目标任务。一、抓党建强基础。党委书记切实履行党建工作第一责任人的责任，多次召开党建工作专题会议，理清党建工作思路，抓班子，带队伍，认真落实“三.五”基层工作日、党委理论中心组学习、三会一课等制度，深入推进“两学一做”教育常态化、制度化。选优配强145名村“两委”班子，三年来新发展党员48名，新建党群服务中心7个。扎实开展了主题党日、“逐个观摩、整体推进、全面提升”党建观摩活动，确保了党建工作水平整体提升。二、抓党建促脱贫攻坚。全乡两个贫困村，建档立卡贫困户474户1278人。一是对315户贫困户实施了到户增收项目，每户每年分红960元。二是为76户贫困户实施危房改造，拆除了612处废旧房屋。三是为符合条件的105人办理了残疾证，380人办理慢性性病卡，95名学生发放了帮扶资金，98户申请了小额贷款289万元。四是完成了963户厕所改造，297户实施了“六改工程”。五是实施了九大工程，新建了4个扶贫车间2个光伏供电站，打通了12个非贫困村断头路24公里。六是开展了大走访活动，党政主职对所有贫困户分别走访一遍。解决了实际问题，提高了贫困户满意度，年底确保完成两个贫困村出列，277户605人的脱贫任务。三、抓党建促产业发展。把招商引资工作当作天字号工程，年内落地企业5家，总投资达6.59亿元。牧原集团投资2.9亿元的大型养殖项目已正式投产，投资1.2亿元的商丘韵达电商物流园正在开工建设，商丘益歌泰服饰有限公司、双其服饰有限公司、顺鑫服装厂三家服装企业运行良好。四、抓党建促人居环境改善。一是全方位垃圾治理。按照“三无一规范一眼净”的标准，将村内村外、主次干道路两侧、河道、沟塘内的生活、白色垃圾全部清理干净。二是集镇区环境综合整治。对集镇区、勒马北街所有不规范的门头牌匾、乱搭乱建设施全部拆除到位，对所有马路市场、出店经营行为进行集中整顿。实施慢车道、人行道、路灯、绿化树木、护栏、下水道工程、弱线入地工程并已全部完成。同时，对集镇区主体建筑的外立面进行了统一粉刷，统一制作了门头牌匾，对旧街区破旧房屋进行了外观改造，制作了文化墙，营造了党建、脱贫攻坚、社会主义核心价值观、扫黑除恶等工作的宣传氛围。三是健全了长效保洁机制。全乡145名保洁员、转运员全部在岗在位，细化责任片区和路段，积极做好垃圾清扫和清运工作。垃圾中转站充分发挥作用，形成了村收集转运、乡集中、区处理的管理模式，做到了生产生活垃圾日产日清。五、抓党建促土地利用。从今年3月10日起，乡党政班子成员带领全乡党员干部，充分发挥模范带头作用，勇于担当，聚心合力，责任到人，明确任务，创新方法，先易后难，规范运作，按时按质按量完成工作任务。目前全乡完成土地增减挂钩面积1200余亩，残次林综合整治3243亩。下一步，勒马乡党委、政府继续团结带领全乡广大干群，振奋精神，抢抓机遇，苦干实干，为睢阳更加出彩贡献勒马力量。（督导专访：杨道彬夏红丽）O网页链接,,,,,0,0,0,2019-01-22 08:18,微博 weibo.com,,,
4223753354912228,G9XVRkBTu,1920323413,复利玫瑰顺势而为,"5G、雄安，广西扶贫，华为概念，次新，风来了，百元润建通信本id自注册以来，仅有3-4个索通上市后一字板开板时和中石开板时的帖子。3.20日开仓七一二后，一路做t，周五跌停跌仓，23日周五晚狂吹七一二，巧合真妖了。3月27日吹三川智慧，28日盘中巧合封板了，尽管被砸跳水3月28日吹智能自控，30日盘中巧合冲板了，尽管跳水收7%润建股份下周三个交易日必创历史新高！1：润建通信走势vs泰永长征走势泰永长征,5,6,7，8,13日五连板润建通信7日开板，跟风泰永长征涨停，8日强势洗盘。9日，12日，在泰永长征被关之际，强势二连板，大有新龙头之风。无奈，无大格局之小鳄鱼，12日狂砸持仓几只次新，把润建通信砸死了。同时买入东土科技1个多亿。12日，本人开盘竞价重仓买入东土科技（见微博），当日收益近9个点。龙虎榜小鳄鱼砸盘次新，希望引导工业互联网东土科技都第二波。很明显，小鳄鱼的格局是不被其他游资所认可的额，13日东土科技低开低走，无奈重仓的东土科技只能小肉出局。27日跟风龙头七一二2板，无奈26日长江证券武汉买入的三个营业部独食5700万，27日出货砸死。顶级游资中信证券有限公司上海分司买入3600万28日在七一二爱乐达17个点大面跳水下，润建通信盘中最低才砸到57.7（3.26涨停价57.37）。主力运作明显，资金锁仓。29日缩量调整，刚好在十日线止跌企稳30日明显盘中大资金买入，站上五日线。从开板后换手看，大资金锁仓明显，洗盘不破重要支撑，主力运作轨迹明显，周五技术调整到位，周六公司互动易配合炒作，被错杀的妖股基因股润建通信，下周开启百元之路。2：市场需要一直新的次新龙头出现，带动情绪，最近监管趋严，4板的票不建议再去追了，盘面上看，高位票游资接力情绪意愿明显不强了。低位的润建通信，4月的暴利机会。5G,,美MYZ，雄安，独角兽，扶贫五大概念，任何一个概念的炒作都支持润建通信的翻倍行情。3：3.27的四碗17个大面股，周四9点23依然低开，在必创科技强势竞价涨停的刺激下，最后两分钟被资金抢筹纷纷高，周五七一二妖股在必创科技强势高开9%秒板，七一二早盘却冲板，没有资金封板回落，显弱势，尽管下午在个股高潮的情况下，回封，依然更看好低位的润建通信，偏向于高位风险极大。七一二周四周五的2板，根源在于古北路周四强力打造必创科技四板，引导情绪，围魏救赵（周三古北路打板吃了多少碗大面啊），以及周四监管居然放松监管，没有特停必创科技，引爆周五的五板，加上七一二极好的人气。4：妖股对标——炒作对标大牛股超讯通信，纵横通信，5G新龙头润建通信无疑，炒新不炒旧。5G消息面大概率不断刺激，润建通信随时引领5G板块爆发。5：风口——广西首涨窄带物联网正式商用，率先启动5G试点建设，标志着广西已经进入万物互联新时代。6：风口——美毛衣战，特朗普正式签署raybaumact，动用紧急经济权利法限制中国在美投资，5G或者禁区，利好国内5G,板块。7：风口——雄安一周年。打造智能新区，雄安首次5G远程自动驾驶测试完成。8风口——独角兽，与华为合作，华为是全球领先的信息与Ict解决方案供应商。目前公司已与华为建立业务合作关系。9：本周三家，16亿，三家常态化，利好次新。次新开板空窗期，ipo新报会企业明显减少，利好次新。流通盘31亿，适合游资接力。10：妖股对标——代码002927泰永长征无厘头无概念硬炒了一波情绪妖。泰永长征值得炒作的逻辑，代码002929润建通信一样不缺。002927贵州扶贫概念，002929广西扶贫概念，资金一直青睐贵州扶贫概念，广西之前没有值得炒作的标的而已，有如此多妖股基因的润建通信，4元见证百元润建通信百元润建，技术面调整结束，主力布局完成，5G、雄安，广西扶贫，华为概念，次新，五大风口同时吹来，不要说猪，就连大象都可以吹上天。周六公司互动易不辞辛劳，极力配合炒作-----公司已为南宁移动提供服务多年；公司已与华为建立业务合作关系，为其提供技术服务与支持；公司结合主业开展物联网新业务的研究；公司在雄安新区已有部分业务在实施当中；公司将抓住广西率先启动5G,试点的发展机遇，积极承接相关业务;公司已为中国电信，中国联通服务多年。周一本人满仓干入，静待消息面刺激和游资合力2板，或者走慢牛趋势，打造百元润建。不喜勿喷，仅个人逻辑和操盘计划。",,,,,0,4,10,2018-03-31 21:58,iPhone客户端,,,
4215651633797647,G6zazfVWn,6267138406,河北泰辰商务服务集团,#全国人大代表求解“城市扶贫”：需政府社会合力#【2018全国两会】(两会综述)全国人大代表求解“城市扶贫”：需政府社会合力3月8日电(周燕玲刘占昆)全国两会期间，对于“城市扶贫”，不少人大代表提出了思考与建议。　　全国人大代表、民政部副部长宫蒲光说，脱贫攻坚主要瞄准农村地区是非常正确的，可以解决城乡发展不平衡问题以及缩小贫富差距等，但脱贫攻坚中也要重视城市贫困人口的扶贫问题。　　有分析人士指出，目前，中国城市贫困人口大致分为进城农民工、失业人员及特殊人群等。　　全国人大代表、海南省副省长苻彩香说，在打赢农村贫困人口脱贫攻坚战的同时，城市还存在相当数量的困难职工急需解困脱困。　　苻彩香介绍，要解决城镇职工的困难，涉及到就业培训、社会保障，医疗救助、国企改革等方方面面，需要政府和社会各界共同努力。　　贵州5年来减少农村贫困人口670.8万人。全国人大代表、贵州省黔东南州委副书记、州长罗强说，虽然目前主要是解决农村绝对贫困问题，但城市贫困人口问题也应得到重视。点击进入下一页资料图：河北石家庄以“促进转移就业助力脱贫攻坚”为主题举办的43场农民工招聘会正如火如荼地进行着，每场招聘会提供就业岗位约6000个。图为当地其中一场招聘会上人潮涌动。中新社记者翟羽佳摄　　目前，随着农村贫困人口呈逐年下降趋势，城市贫困人口被一些省市纳入考量范围。　　2018年3月，江西出台了《关于加大城镇贫困群众脱贫解困力度的意见》，决定对该省88.61万城镇贫困人口进行系统帮扶，确保到2020年城乡贫困人口同步实现全面小康。　　全国人大代表、江西省民政厅厅长刘金接介绍，为确保城镇贫困人口脱贫解困目标如期实现，推出了在基本生活保障、就业创业、医疗保障、教育救助、社会保险等八个方面的政策措施，解决城镇贫困人口实际困难。　　“但江西城镇贫困群众各项保障不平衡不充分问题依然存在，部分群众在基本生活、就业、医疗、教育、社保、住房等方面还存在不少困难和问题。”刘金接说。扶贫是一场持久战，不管是农村脱贫还是“城市扶贫”，都要攻坚克难。宫蒲光希望，能把城市贫困人口的脱贫问题提上日程，政策和资源向城市贫困人员倾斜。河北地推企业管理咨询服务有限公司隶属于河北泰辰商务服务集团现负责运营多家行业公司推广外包服务。业务涵盖：国内劳务派遣（档案管理）、人力资源（八项全面服务）；企业代理记账、工商注册；计算机软硬件研发、维护，企业网管软硬件服务外包；家政保洁等。专注于企业营销策划、网络推广、市场推广、品牌推广、企业销售等多项外包服务。河北地推企业管理咨询服务有限公司会根据市场需求为服务企业做最专业的地推服务外包方案！励志打造中国最优质的商企服务生态圈！,,,,全国人大代表求解“城市扶贫”：需政府社会合力,0,0,0,2018-03-09 13:25,微博 weibo.com,,,
4178985401149836,Fx8LO4P7K,2111623083,景秀江山文旅,山东省淄博市淄川区寨里镇：“三促”脱贫攻坚近年来，淄博市淄川区寨里镇在扶贫政策兜底的基础上，不断调整工作思路和举措，按照“不掉一户、不落一人”的要求，精心筹划布局，探索创新了政府、社会、家庭“三位一体”的扶贫新格局，全面做好脱贫攻坚工作。产业项目促增收。一是发展特色农业。积极发展蓼坞小米、井筒核桃等特色产品，帮助贫困户实现自我增收。二是发展生态旅游。先后建成了朱水湾汽车房车露营地、泰溪文化创意园等旅游线路，带动了当地贫困户的增收。三是发展特色产业。通过光伏发电等产业扶贫途径，带动贫困户长效脱贫，打造了产业扶贫的“寨里样本”。“三位一体”促发展。在扶贫政策兜底的基础上，寨里镇积极探索多种项目脱贫长效机制，特别是探索建立政府、社会、家庭“三位一体”扶贫新格局，充分发挥政府、社会、家庭不同层面作用，形成了脱贫攻坚合力。技能培训促就业。利用“新农村、新生活”培训平台，举办“寨里镇家政服务（月嫂）培训班”，提升了广大贫困妇女综合素质及就业能力。,,,,,0,0,0,2017-11-28 09:07,360安全浏览器,,,
4078231772385528,EwPaha0Ag,5876160224,牵牛娃77,【早间公告】英力特（000635）：天元锰业触发要约收购收购价25.89元/股中国铁建（601186）：中标65亿元石家庄城市轨道交通项目顾家家居（603816）：拟15亿元投建智能家居生产基地牧原股份（002714）：实控人拟不超5亿元参与设立扶贫基金光一科技（300356）：2016年净利同比增逾3成拟10转15合力泰：拟10转30实控人及董监高等拟减持至多8225万股宝光股份（600379）：获控股股东累计增持2.49%股份拟继续增持长城电脑（000066）：获实控人增持1468万股八菱科技（002592）：员工持股计划累计买入逾4亿元股份中材科技（002080）：2016年净利降36%今年一季度预增60%-110%鼎泰新材（002352）：顺丰借壳后首份业绩快报亮相2016年净利超40亿元天银机电（300342）：2016年净利1.65亿元同比涨逾五成晶盛机电（300316）：2016年盈利2亿元同比增长逾九成嘉澳环保（603822）：2016年净利增长三成拟10派2.08世龙实业（002748）：2016年净利1亿元同比增174%东方雨虹（002271）：2016年净利超10亿同比增逾4成金贵银业（002716）：2016年净利1.5亿元同比增26%罗牛山：拟向大东海3亿元转让三亚农商行6.91%股权23日复牌盛和资源（600392）：参股设立的华贵人寿保险获开业批复爱康科技（002610）：全面推进能源互联网业务拟出售部分并网电站#微博股票##今日看盘##大盘走势分析#,,,,"微博股票,今日看盘,大盘走势分析",0,0,0,2017-02-23 08:28,微博 weibo.com,,,
4078218703124318,EwOPcd6Me,1361264832,股润清风,发表了博文《个股动态》个股动态合力泰：实控人提议公司年报10转30首创股份：预中标16亿元PPP项目顾家家居：15亿投建智能家居生产基地牧原股份：不超5亿元参与设立扶贫基金光一科技：2016净利增逾3O个股动态,,,,,0,0,0,2017-02-23 07:36,新浪博客,,,
